stock_number,make,model,sale_date,delivery_date,year,new,image,price,car_and_driver_hyperlink,dealership_number
1,Subaru,Impreza,2018-09-03 14:13:28,2019-10-03 07:42:30,2000,0,,73569.28,,79
2,Scion,tC,2017-10-02 08:09:35,2017-06-18 09:09:46,2007,0,,95058.84,,71
3,Ford,Taurus,2018-09-04 14:36:28,2019-04-30 18:43:32,1994,1,,80200.57,,38
4,Daewoo,Leganza,2017-03-04 03:07:55,2019-05-02 11:42:46,2002,0,,90401.44,,39
5,Ford,Aerostar,2018-08-19 00:24:04,2017-10-27 20:50:17,1996,0,,40602.13,,81
6,Hyundai,Sonata,2017-12-09 23:28:54,2019-10-17 17:30:37,1994,1,,80796.48,,27
7,Toyota,Sequoia,2017-03-22 13:51:32,2018-06-03 19:59:07,2006,1,,14882.62,,23
8,Kia,Sorento,2019-10-22 11:22:01,2017-09-22 11:01:27,2008,0,,94486.2,,98
9,Mercedes-Benz,400SEL,2018-12-24 20:59:40,2019-10-01 04:56:12,1993,1,,15875.41,,48
10,Chevrolet,Suburban 1500,2019-04-09 03:57:19,2019-03-06 03:22:10,1994,1,,71846.81,,63
11,Land Rover,Discovery Series II,2019-01-20 12:49:51,2017-12-20 12:34:03,1999,1,,86889.96,,48
12,Pontiac,LeMans,2018-05-23 21:25:18,2018-07-03 04:20:16,1990,1,,71803.98,,68
13,Jeep,Liberty,2018-01-06 13:42:44,2017-08-22 21:54:27,2002,1,,94597.85,,48
14,Mazda,Mazda6,2016-12-03 05:00:56,2018-12-31 12:01:47,2012,1,,11145.31,,64
15,Ford,Escape,2019-05-29 17:23:48,2019-09-09 18:10:50,2010,0,,56172.28,,51
16,Mitsubishi,Pajero,2016-10-07 15:47:39,2018-05-01 13:25:37,1988,1,,42668.54,,14
17,Subaru,Legacy,2016-08-17 13:56:49,2019-04-16 14:43:52,2009,0,,20100.97,,24
18,Chevrolet,Avalanche 2500,2019-05-23 18:50:24,2018-10-06 01:26:13,2002,0,,69915.06,,12
19,Buick,Skyhawk,2017-11-19 18:55:14,2019-08-23 16:29:54,1986,0,,33165.81,,16
20,BMW,5 Series,2018-11-21 08:34:49,2018-05-21 16:58:04,2010,1,,62748.24,,0
21,GMC,Sonoma Club Coupe,2019-04-03 17:46:52,2019-03-07 14:10:40,1995,0,,53252.05,,29
22,Ford,F450,2018-01-29 16:50:38,2019-07-23 06:55:17,2011,1,,23766.32,,60
23,Audi,200,2017-10-07 02:27:56,2019-07-29 21:20:25,1990,1,,57742.68,,54
24,Ford,Ranger,2017-12-19 05:45:05,2019-09-26 22:27:34,2002,0,,7690.85,,37
25,Smart,Fortwo,2018-08-11 17:41:07,2019-03-25 18:53:09,2009,1,,32656.64,,76
26,Mazda,MX-5,2017-09-07 18:29:33,2017-10-03 08:17:59,1993,1,,87388.0,,58
27,Dodge,Ram 2500 Club,2019-10-01 01:29:33,2019-04-07 17:29:28,1998,1,,39354.69,,32
28,Dodge,Magnum,2018-11-06 13:55:02,2018-09-20 21:58:04,2008,0,,47333.11,,55
29,Oldsmobile,Aurora,2016-12-22 22:22:26,2018-01-29 19:39:14,2002,1,,72931.06,,40
30,Aston Martin,Virage,2017-05-08 04:45:52,2019-01-29 21:00:39,2012,1,,53396.85,,70
31,Lincoln,Town Car,2019-10-19 04:10:55,2018-04-09 05:15:52,1998,0,,32042.73,,27
32,Mazda,RX-8,2016-12-08 05:00:26,2018-08-06 17:12:48,2005,1,,54596.87,,40
33,Pontiac,GTO,2019-04-25 08:40:22,2018-07-31 05:03:01,1969,1,,16827.54,,68
34,Toyota,4Runner,2016-08-20 01:06:48,2018-06-16 12:42:45,2003,0,,62227.4,,85
35,MINI,Clubman,2019-09-18 21:30:15,2019-09-04 11:51:34,2012,1,,90065.15,,98
36,Subaru,Legacy,2018-04-06 13:43:31,2019-01-24 22:57:00,1991,0,,51700.38,,43
37,Ford,Bronco,2019-01-01 02:17:03,2018-08-28 23:44:47,1986,0,,24669.98,,13
38,Mazda,MPV,2017-02-01 13:19:30,2019-08-09 11:30:28,1994,0,,96200.97,,19
39,Mitsubishi,Outlander,2018-10-31 21:48:22,2018-07-19 10:15:29,2009,1,,52379.81,,34
40,Lexus,LX,2019-01-21 04:22:41,2019-01-15 01:40:35,2005,0,,27642.03,,42
41,Kia,Spectra,2019-02-25 10:41:41,2019-10-03 15:13:49,2009,1,,49275.81,,75
42,Honda,Pilot,2019-04-30 11:31:03,2017-12-04 20:40:24,2006,0,,65139.1,,11
43,Hyundai,Azera,2017-11-29 13:56:18,2019-02-12 02:40:22,2008,1,,46265.3,,46
44,Ford,F350,2016-11-25 17:15:40,2019-06-29 05:28:26,2000,0,,9814.86,,93
45,Mercedes-Benz,Sprinter 3500,2018-10-27 17:45:49,2019-03-28 04:20:30,2011,0,,79174.11,,30
46,Kia,Sedona,2016-10-07 05:47:22,2019-07-24 05:14:16,2010,0,,83354.97,,82
47,Nissan,350Z Roadster,2019-02-06 13:18:06,2019-02-06 11:46:02,2006,1,,35966.66,,14
48,Toyota,RAV4,2017-04-27 11:00:10,2018-08-26 13:05:19,2007,0,,36301.52,,32
49,Mazda,Millenia,2018-09-17 01:27:25,2019-02-23 01:32:42,1998,0,,33405.92,,5
50,Acura,RL,2018-08-20 13:50:18,2018-03-16 07:32:25,2003,0,,17221.65,,93
51,Land Rover,Discovery,2019-07-18 05:41:57,2019-03-04 19:41:36,1995,0,,82362.83,,18
52,Ram,C/V,2017-12-24 13:03:13,2019-05-02 14:17:13,2012,0,,32330.91,,7
53,BMW,X3,2017-05-22 01:01:32,2018-10-26 19:46:47,2010,1,,21855.79,,86
54,Suzuki,Samurai,2017-12-22 02:39:43,2019-05-01 18:53:40,1995,0,,27459.61,,5
55,GMC,Sierra 1500,2017-09-14 07:13:44,2017-09-29 07:43:47,2011,0,,68743.95,,94
56,Volkswagen,Jetta,2016-11-07 05:11:47,2018-06-03 18:45:38,1993,1,,30095.7,,62
57,BMW,7 Series,2017-10-17 06:14:03,2019-09-06 01:55:41,1994,0,,99732.94,,30
58,Buick,Park Avenue,2018-12-18 23:39:20,2017-07-25 15:30:46,1992,0,,55330.76,,73
59,Lincoln,Town Car,2018-04-01 13:17:52,2019-07-20 08:16:54,1995,0,,20906.63,,19
60,Porsche,Boxster,2017-02-25 04:11:15,2019-10-17 11:19:10,1999,0,,96877.98,,65
61,Dodge,Charger,2019-09-11 03:43:46,2017-12-12 19:44:30,2008,0,,28928.87,,53
62,Infiniti,I,2018-06-22 21:22:44,2017-09-13 05:22:49,2000,1,,9057.89,,10
63,Lotus,Elise,2018-01-07 01:29:38,2018-02-12 04:56:43,2007,1,,67749.62,,15
64,Chevrolet,Camaro,2019-05-25 12:56:48,2017-09-26 15:40:56,2002,0,,66452.46,,23
65,Mazda,Millenia,2018-04-22 02:14:28,2018-06-23 13:48:34,1998,0,,79430.56,,35
66,Nissan,Rogue,2019-08-21 16:20:50,2017-07-25 17:34:24,2012,0,,58467.72,,79
67,Chevrolet,Silverado 1500,2018-05-08 09:47:58,2019-01-12 07:19:46,2004,0,,20888.65,,4
68,GMC,Sierra 3500,2018-03-23 21:55:26,2018-02-16 19:40:43,2001,1,,35729.88,,9
69,Porsche,Cayenne,2019-01-27 02:41:46,2018-02-10 07:07:22,2013,1,,38806.58,,89
70,Dodge,Viper,2018-02-12 17:57:19,2017-08-15 02:39:55,1995,1,,51439.94,,23
71,Jaguar,S-Type,2019-06-03 00:08:19,2019-01-23 02:14:48,2007,1,,1888.84,,97
72,Dodge,Caravan,2019-10-19 21:07:16,2018-01-25 22:45:56,1985,1,,75428.49,,70
73,Chevrolet,Blazer,2017-03-30 21:34:04,2019-04-07 00:03:13,1999,1,,70448.26,,85
74,Mercury,Sable,2017-03-12 21:00:54,2018-02-24 02:06:45,1986,1,,33500.95,,27
75,Ford,Mustang,2018-01-08 06:16:59,2019-03-05 11:46:19,2000,1,,50021.44,,53
76,Infiniti,QX,2017-11-26 02:20:56,2018-04-01 18:49:42,2006,1,,43295.74,,42
77,Nissan,Armada,2016-08-04 03:56:27,2018-03-16 23:56:46,2006,0,,51580.62,,76
78,Chevrolet,S10,2019-08-09 15:17:53,2019-03-16 10:08:40,2000,0,,54992.04,,5
79,Volkswagen,Golf,2016-11-07 03:55:45,2018-03-11 18:09:10,2011,0,,58225.92,,76
80,Oldsmobile,Alero,2018-02-21 04:59:05,2017-10-15 05:22:04,2002,0,,9499.74,,20
81,Chevrolet,Tahoe,2017-10-14 23:33:54,2018-03-05 13:12:17,1999,1,,15942.22,,80
82,Dodge,D250,2018-04-14 20:49:44,2017-11-29 14:59:33,1992,1,,18052.93,,70
83,Volkswagen,GTI,2018-03-17 03:34:10,2019-03-18 23:46:23,2012,1,,95930.35,,74
84,Infiniti,QX,2016-10-11 03:38:29,2019-10-12 12:13:37,1999,1,,65145.76,,39
85,Saturn,VUE,2017-08-14 05:11:56,2017-07-23 19:26:16,2003,1,,70834.94,,62
86,Plymouth,Neon,2018-02-21 01:34:42,2018-05-25 23:11:56,1999,0,,99450.67,,13
87,Toyota,Matrix,2018-09-21 01:24:08,2017-08-30 13:06:36,2012,1,,30611.09,,38
88,Bentley,Continental,2018-04-29 07:44:47,2018-05-06 15:03:44,2006,0,,20439.99,,23
89,Chevrolet,Astro,2018-10-17 03:06:33,2017-07-25 22:00:39,2003,1,,78266.59,,58
90,Honda,Prelude,2018-01-13 10:22:33,2019-07-08 03:49:19,1984,0,,76045.54,,55
91,Infiniti,I,2018-11-09 13:23:57,2018-12-21 08:19:12,1998,0,,37698.42,,48
92,Acura,SLX,2019-03-14 16:38:39,2018-09-20 22:48:39,1999,1,,5547.91,,80
93,Austin,Mini Cooper S,2019-08-07 13:20:48,2018-07-23 07:48:53,1963,0,,67355.86,,61
94,Mazda,B-Series,2019-04-06 16:31:37,2017-11-25 00:21:03,1992,1,,18700.86,,46
95,Mitsubishi,Diamante,2018-07-30 07:17:32,2017-09-07 05:22:53,2003,0,,21470.01,,93
96,Mitsubishi,Outlander,2019-07-04 21:47:27,2019-10-06 03:23:34,2003,1,,10200.95,,58
97,Cadillac,DeVille,2017-05-31 13:39:46,2018-10-22 15:04:12,1998,1,,68367.59,,67
98,GMC,Savana,2017-04-12 23:38:19,2019-09-28 02:53:55,2010,1,,88688.91,,62
99,Scion,xB,2018-10-04 11:11:50,2018-12-07 03:15:41,2005,1,,36926.98,,26
100,Isuzu,Hombre,2016-09-13 06:04:38,2019-03-25 17:04:55,1999,0,,73753.46,,52
101,Lotus,Esprit Turbo,2017-08-29 01:06:08,2018-09-19 05:20:41,1984,0,,37140.49,,31
102,Corbin,Sparrow,2018-06-21 16:40:19,2017-08-03 00:39:24,2004,0,,39791.99,,77
103,MINI,Cooper,2017-06-04 03:09:39,2017-11-14 02:33:27,2012,1,,31114.44,,62
104,Suzuki,SX4,2019-03-02 10:57:58,2018-01-11 07:03:51,2009,1,,56889.18,,49
105,GMC,Vandura 2500,2017-02-24 11:16:48,2018-08-31 06:43:30,1994,1,,88016.77,,85
106,Ford,F-Series,2017-02-24 10:29:55,2018-01-15 04:32:24,1992,0,,72914.79,,70
107,Toyota,Camry,2018-04-22 01:52:45,2017-12-03 09:30:15,2005,0,,46455.81,,86
108,MINI,Countryman,2018-10-27 22:01:21,2019-04-23 00:22:28,2012,0,,86684.31,,48
109,Honda,Civic Si,2019-08-30 06:33:13,2017-07-09 05:15:38,2006,1,,25346.83,,90
110,Chevrolet,Suburban 1500,2018-09-30 23:45:08,2017-08-30 15:05:49,1997,0,,76418.45,,45
111,Dodge,Neon,2019-03-12 01:06:55,2017-11-19 11:33:19,1996,1,,99090.0,,67
112,Mercedes-Benz,SL-Class,2018-04-01 17:17:01,2017-11-23 11:40:47,2002,0,,86423.73,,24
113,Mazda,B-Series,2017-10-23 23:50:44,2019-03-15 18:06:07,2002,1,,3602.42,,60
114,Ford,Explorer,2018-11-29 16:05:44,2019-02-23 01:38:35,2012,0,,55946.55,,43
115,Audi,Coupe Quattro,2019-08-29 13:10:24,2019-06-09 20:15:33,1990,1,,19932.59,,98
116,Honda,Odyssey,2019-01-14 17:33:53,2017-09-05 16:52:53,2010,1,,82193.76,,36
117,Mitsubishi,Montero,2017-09-22 04:17:58,2018-08-07 03:05:47,2003,0,,44339.1,,46
118,Subaru,Outback,2018-08-19 17:53:16,2018-02-15 15:04:37,2007,1,,23340.18,,60
119,Ford,Ranger,2018-03-31 05:03:09,2019-06-02 18:11:15,1984,1,,13315.09,,24
120,Lotus,Esprit,2018-02-10 23:26:35,2018-06-23 05:04:28,1998,0,,64771.8,,90
121,Mitsubishi,Diamante,2018-02-22 18:33:21,2019-01-20 15:44:23,1996,0,,97275.45,,58
122,Acura,TSX,2018-09-26 17:12:18,2018-01-06 10:18:06,2008,1,,90949.82,,71
123,Volvo,240,2018-04-22 19:41:45,2018-05-17 13:30:35,1993,0,,96655.42,,87
124,Cadillac,STS,2019-04-04 13:42:24,2017-07-21 15:44:33,2011,1,,17196.59,,18
125,Volkswagen,Routan,2018-04-11 11:24:38,2017-10-15 05:22:19,2010,0,,46578.3,,30
126,Honda,Odyssey,2017-07-27 15:46:23,2019-04-03 03:56:01,2000,1,,62159.44,,88
127,Chevrolet,Astro,2018-09-29 19:26:35,2019-02-07 19:18:50,1999,1,,89533.98,,71
128,Toyota,Echo,2017-08-19 12:37:23,2019-04-30 22:57:21,2002,0,,9001.13,,70
129,Kia,Optima,2017-06-13 10:51:15,2018-06-12 06:17:06,2011,1,,57426.98,,97
130,Mitsubishi,Galant,2019-01-18 08:27:37,2017-12-06 08:00:38,2011,0,,1447.07,,23
131,Chevrolet,Suburban 1500,2019-08-05 04:59:26,2018-02-01 03:23:10,2002,0,,74041.65,,65
132,GMC,3500,2019-09-01 20:57:24,2019-04-21 05:24:17,1993,1,,72219.29,,55
133,Infiniti,M,2019-07-30 06:40:39,2017-11-25 22:40:45,2007,0,,47041.77,,42
134,Audi,S4,2017-04-27 02:46:23,2018-12-01 20:30:09,2000,1,,81225.01,,72
135,Dodge,Stratus,2019-08-14 23:56:33,2019-09-28 04:17:04,1997,0,,66272.21,,0
136,Ford,Thunderbird,2018-04-19 06:18:05,2019-01-22 22:50:37,1983,0,,55754.94,,58
137,Honda,Prelude,2018-12-07 04:43:14,2019-09-25 22:30:54,1995,1,,16527.79,,61
138,Isuzu,Trooper,2016-10-09 01:28:18,2018-04-15 01:13:19,1993,0,,57578.07,,6
139,Mercedes-Benz,E-Class,2018-04-13 03:25:11,2018-01-16 14:40:45,1991,1,,66195.64,,98
140,Panoz,Esperante,2019-07-08 11:09:06,2019-02-28 04:12:06,2007,1,,61159.63,,89
141,Toyota,RAV4,2017-10-20 00:42:36,2019-06-10 13:45:52,2000,1,,84753.8,,14
142,GMC,3500 Club Coupe,2019-02-23 04:52:26,2018-04-10 22:07:56,1998,1,,8824.11,,83
143,Pontiac,Firebird,2017-07-10 02:10:42,2019-07-22 23:30:02,1991,0,,77492.84,,75
144,Buick,Century,2018-12-26 07:26:39,2019-04-26 15:18:39,2005,1,,71216.35,,45
145,Pontiac,Firefly,2019-01-02 13:48:20,2018-11-29 21:20:27,1992,1,,5850.26,,56
146,Chevrolet,Express 1500,2018-11-19 20:24:58,2019-05-17 04:50:49,2002,0,,67671.77,,21
147,Volvo,XC90,2017-12-20 19:29:17,2017-12-28 04:59:11,2006,0,,29781.41,,65
148,Mercury,Sable,2017-06-16 18:10:36,2019-06-30 21:46:42,1987,1,,32203.23,,83
149,Kia,Spectra,2019-07-03 00:31:13,2019-01-13 21:38:42,2004,1,,72624.47,,7
150,Dodge,Nitro,2017-03-14 19:15:10,2019-02-17 00:50:39,2010,1,,24071.58,,84
151,BMW,6 Series,2017-11-09 13:53:23,2018-06-14 04:11:28,1989,1,,9316.15,,92
152,Dodge,Ram Van 1500,2017-10-05 15:30:02,2019-08-06 12:40:38,1996,0,,89665.07,,54
153,Hyundai,Azera,2017-03-20 16:10:44,2019-01-17 11:54:16,2010,1,,85093.62,,99
154,Nissan,Titan,2018-12-15 20:13:04,2017-08-20 20:25:23,2006,0,,72472.18,,15
155,Infiniti,QX,2016-12-03 08:01:22,2018-01-08 15:08:23,2007,0,,85098.32,,2
156,Jaguar,XK Series,2018-04-08 06:48:52,2017-08-26 08:04:04,2003,1,,78338.25,,4
157,Mitsubishi,Cordia,2017-07-14 20:24:36,2017-07-07 02:10:54,1988,0,,71405.35,,2
158,Hyundai,Veracruz,2017-06-28 10:00:28,2019-02-16 10:46:24,2008,0,,68017.41,,48
159,Lexus,ES,2017-01-29 22:50:27,2019-09-04 11:33:32,2004,1,,99434.88,,5
160,Infiniti,FX,2017-12-23 04:04:31,2018-10-30 11:23:13,2009,1,,11918.06,,30
161,Toyota,Highlander Hybrid,2019-05-26 20:03:20,2018-02-26 15:27:59,2007,0,,53915.97,,50
162,Ford,Mustang,2017-01-13 21:17:28,2017-11-12 22:13:01,2001,1,,72391.75,,91
163,Ford,Escort,2019-08-01 09:37:40,2018-05-09 11:59:57,2000,1,,64548.52,,50
164,Mazda,626,2018-11-23 00:47:15,2019-02-09 02:36:02,2002,1,,10891.59,,5
165,Lotus,Exige,2017-11-13 02:11:33,2018-07-13 18:21:57,2012,1,,6322.9,,23
166,Chrysler,New Yorker,2019-09-20 00:13:59,2017-06-25 02:47:49,1996,1,,5928.96,,85
167,Acura,MDX,2017-01-23 15:44:18,2018-12-19 04:14:36,2008,1,,20748.87,,24
168,Mercedes-Benz,E-Class,2018-08-17 03:50:31,2018-02-01 00:40:11,2007,1,,69285.34,,95
169,Lexus,LX,2018-05-11 01:59:51,2018-09-20 13:40:03,2010,1,,3123.82,,6
170,GMC,Jimmy,2017-04-02 17:39:35,2018-01-31 21:32:36,2000,1,,28949.61,,86
171,Mitsubishi,Pajero,2016-09-08 20:29:02,2018-06-24 19:39:31,2006,1,,96105.17,,84
172,Lamborghini,Gallardo,2018-01-15 07:33:32,2018-06-25 15:58:12,2010,0,,76797.21,,92
173,Toyota,MR2,2019-07-27 05:25:21,2018-10-17 01:57:10,1985,0,,22326.92,,7
174,Chevrolet,Silverado 3500,2018-12-04 06:41:51,2019-02-14 09:29:22,2001,0,,47631.25,,56
175,Mercedes-Benz,W123,2019-03-15 08:21:40,2018-03-09 23:07:36,1977,0,,20361.05,,96
176,Chevrolet,Express 2500,2017-06-26 05:53:33,2019-04-20 01:36:00,2012,0,,12301.47,,34
177,Lexus,GS,2017-08-16 03:43:03,2018-01-08 08:58:47,2000,0,,56107.59,,68
178,Dodge,Challenger,2019-01-07 23:17:54,2017-07-22 22:29:11,2012,1,,93686.91,,25
179,Nissan,240SX,2017-04-17 04:30:04,2018-02-16 09:39:12,1995,1,,80928.06,,59
180,Lexus,LX,2017-05-31 15:58:38,2019-04-23 19:28:38,2002,1,,69568.62,,54
181,Jaguar,X-Type,2018-01-17 11:19:01,2017-11-29 14:09:12,2008,0,,81341.76,,43
182,Pontiac,Grand Am,2019-09-10 09:48:07,2019-01-06 21:09:08,1988,0,,93999.96,,71
183,Dodge,Ram 3500,2018-05-20 20:01:26,2018-04-21 15:04:55,1997,1,,62452.44,,91
184,MINI,Clubman,2019-05-05 02:45:21,2019-01-01 08:41:57,2008,0,,80712.12,,88
185,Ford,Tempo,2019-10-02 14:35:27,2018-12-16 21:21:14,1988,1,,59313.97,,52
186,Chevrolet,Avalanche,2019-02-09 00:11:40,2019-04-30 07:24:02,2008,0,,24080.52,,13
187,Kia,Sorento,2019-01-18 13:18:33,2017-08-16 11:13:49,2005,0,,30641.31,,64
188,Mazda,Navajo,2016-10-03 13:22:39,2019-03-29 11:25:34,1994,1,,96716.32,,51
189,GMC,Savana 2500,2017-06-16 23:17:19,2018-03-07 10:38:15,2012,0,,99948.02,,86
190,Isuzu,Axiom,2019-01-14 01:53:46,2018-06-09 20:56:57,2003,0,,22995.87,,50
191,Chevrolet,Monte Carlo,2019-06-08 10:53:10,2017-12-05 20:01:35,1999,0,,50027.11,,27
192,Chrysler,PT Cruiser,2017-04-27 09:57:07,2018-12-06 02:46:42,2004,0,,9121.84,,39
193,Mitsubishi,Galant,2017-05-10 07:44:11,2019-10-05 12:04:46,2005,0,,70506.92,,3
194,Toyota,Solara,2018-09-09 01:54:33,2017-07-23 07:36:14,2002,1,,84532.18,,58
195,Toyota,Paseo,2018-11-14 06:29:23,2017-08-01 05:44:36,1993,0,,83757.98,,35
196,Corbin,Sparrow,2016-11-28 04:27:01,2017-08-11 22:41:31,1999,0,,45186.01,,46
197,Audi,A6,2017-03-31 00:33:30,2018-02-22 12:08:57,1995,0,,60806.13,,36
198,Mercedes-Benz,SL-Class,2016-11-22 06:12:06,2018-11-21 12:13:15,1989,1,,81050.31,,55
199,Toyota,Xtra,2018-08-12 01:07:54,2018-04-23 10:36:47,1992,0,,64293.7,,99
200,Plymouth,Voyager,2018-02-04 12:45:40,2017-11-06 06:43:42,1996,1,,91228.64,,53
201,Lexus,LX,2018-01-22 05:20:46,2018-12-28 23:40:19,2003,0,,94185.37,,20
202,Ford,Fusion,2019-03-07 22:00:07,2017-11-07 14:38:09,2011,0,,11166.93,,76
203,Maserati,GranTurismo,2016-11-30 09:20:39,2018-12-04 19:22:52,2009,0,,8363.36,,84
204,Kia,Spectra,2016-08-27 15:44:20,2017-12-19 00:50:30,2008,0,,36407.13,,19
205,Chevrolet,Camaro,2019-01-14 09:44:31,2018-12-25 21:26:07,1996,1,,63006.4,,10
206,Toyota,4Runner,2017-10-11 23:52:21,2019-06-08 16:16:18,2002,0,,10851.16,,35
207,Cadillac,STS,2019-10-18 05:15:04,2019-05-29 01:09:58,2007,0,,60557.84,,37
208,Chevrolet,G-Series 2500,2018-08-16 14:34:03,2018-08-22 01:55:19,1997,1,,9098.34,,67
209,Hummer,H1,2019-06-04 18:55:03,2018-09-27 04:24:46,1997,1,,60666.11,,54
210,Chevrolet,Astro,2018-11-05 00:51:12,2019-04-21 22:11:41,1999,0,,80731.34,,4
211,Audi,80/90,2019-10-03 00:40:21,2019-01-07 04:14:40,1988,1,,69429.13,,71
212,Bentley,Continental GTC,2019-09-15 17:07:59,2019-10-19 13:50:12,2011,1,,85150.12,,37
213,Dodge,Neon,2019-04-28 02:42:02,2019-02-15 16:14:43,2003,1,,57057.44,,49
214,Dodge,Ram 2500,2019-02-21 13:21:01,2017-07-29 10:57:31,2009,1,,46335.85,,47
215,Ford,Ranger,2019-06-26 07:19:58,2018-03-06 14:38:12,2000,1,,44284.62,,62
216,Volvo,C70,2018-09-02 11:23:03,2019-03-13 21:52:24,2002,1,,51094.3,,65
217,Mercedes-Benz,SLR McLaren,2017-03-30 16:29:20,2019-06-28 03:27:58,2007,0,,50659.04,,29
218,Nissan,Pathfinder,2017-01-20 03:31:41,2018-10-06 05:35:53,1996,1,,14034.58,,28
219,Audi,TT,2016-10-27 21:27:13,2018-05-14 05:06:45,2010,0,,47194.79,,31
220,Lincoln,Continental,2019-03-07 04:03:53,2017-12-14 04:56:59,1995,0,,7823.05,,12
221,Dodge,Ram Van 3500,2017-08-19 09:08:25,2019-07-30 13:37:10,2001,0,,2818.48,,69
222,Chevrolet,Corvette,2016-10-23 13:31:22,2018-06-14 14:22:10,1973,1,,6285.44,,8
223,Chrysler,Sebring,2019-08-06 20:31:05,2018-08-25 05:10:48,2010,0,,10400.89,,29
224,Bentley,Azure,2017-05-22 06:51:16,2019-07-19 01:21:41,2007,1,,54322.23,,37
225,GMC,Sierra 3500,2019-01-05 13:01:38,2018-09-13 05:00:01,2011,0,,20045.53,,18
226,Dodge,Durango,2019-08-29 07:30:51,2018-05-18 22:14:49,2006,0,,38125.51,,68
227,Porsche,Boxster,2017-06-05 15:37:49,2018-10-19 12:21:47,2000,1,,66821.87,,66
228,Suzuki,SX4,2016-08-05 16:30:42,2017-08-18 02:44:16,2009,0,,7647.12,,54
229,Chevrolet,Colorado,2018-08-12 21:03:09,2018-01-19 00:54:26,2010,0,,75071.43,,54
230,Oldsmobile,LSS,2019-02-27 23:51:31,2017-12-24 14:46:36,1998,1,,53260.9,,3
231,Pontiac,G6,2017-08-07 05:54:06,2017-10-27 11:26:23,2005,0,,22289.62,,17
232,Ford,Taurus,2019-05-17 03:55:08,2019-02-24 17:50:37,2013,0,,73401.67,,53
233,Toyota,Land Cruiser,2019-07-16 15:53:28,2018-07-30 08:21:57,1996,1,,11915.41,,73
234,Dodge,Ram 3500,2016-09-07 06:55:05,2017-11-18 20:35:54,2010,0,,51278.79,,62
235,Subaru,Impreza WRX,2018-04-26 21:02:40,2017-08-08 08:28:17,2011,0,,98968.33,,94
236,Kia,Spectra,2016-10-30 04:36:29,2019-03-21 05:15:34,2008,0,,95643.31,,36
237,Nissan,Quest,2019-07-29 11:39:41,2018-01-29 17:59:24,2009,0,,98717.04,,30
238,Toyota,Previa,2017-06-15 00:11:26,2019-07-30 04:49:34,1996,0,,71168.07,,74
239,Mazda,Mazda6,2019-05-29 18:12:00,2019-09-15 03:04:45,2013,1,,51378.6,,3
240,BMW,7 Series,2018-01-19 15:55:21,2019-10-07 19:56:41,2011,0,,47866.5,,5
241,Toyota,T100 Xtra,2016-11-14 18:57:00,2018-01-24 18:11:54,1996,1,,49142.61,,68
242,Ford,Thunderbird,2019-10-04 07:09:13,2018-12-12 13:24:19,2003,1,,35608.65,,62
243,Ford,Excursion,2019-08-14 20:12:37,2019-03-13 07:08:49,2003,0,,80907.0,,16
244,Aston Martin,DBS,2016-11-03 09:19:22,2017-08-05 09:50:32,2010,1,,91587.63,,54
245,Volkswagen,Scirocco,2017-10-24 22:39:59,2018-05-29 10:34:15,1988,0,,94724.89,,65
246,Mercury,Marauder,2017-12-07 06:02:23,2019-10-22 10:53:28,2003,1,,43445.24,,13
247,Infiniti,J,2016-08-25 13:25:27,2018-06-18 07:45:33,1996,1,,43947.86,,60
248,Volvo,C30,2016-12-09 10:01:52,2019-04-02 22:50:19,2013,0,,99054.44,,10
249,Kia,Sportage,2019-07-16 13:38:07,2018-02-20 18:58:09,2005,1,,98084.4,,43
250,Mercedes-Benz,M-Class,2019-01-12 22:21:50,2017-06-22 07:21:37,2007,0,,72316.57,,84
251,Chevrolet,Express,2019-04-07 05:08:17,2018-02-25 22:55:52,2008,0,,61886.66,,57
252,Ford,Mustang,2019-06-04 20:07:15,2019-04-24 07:26:57,1984,0,,37592.88,,5
253,Land Rover,Range Rover Evoque,2018-06-30 16:25:28,2018-11-15 20:20:36,2012,1,,81674.52,,25
254,Ford,Tempo,2018-09-30 04:04:10,2019-02-24 01:29:18,1990,0,,50075.22,,4
255,Toyota,Yaris,2019-01-11 07:09:30,2019-10-14 18:20:18,2006,0,,23259.51,,53
256,Lexus,HS,2019-01-03 23:39:19,2017-10-30 08:17:46,2012,1,,33387.24,,80
257,Lexus,RX,2016-10-08 10:32:54,2018-01-16 20:56:29,2007,0,,26266.35,,76
258,Ford,E-Series,2018-08-05 01:45:28,2018-01-28 13:08:55,1991,0,,38027.09,,27
259,Chevrolet,Blazer,2018-06-01 12:10:52,2018-10-12 13:23:33,2001,0,,35648.34,,9
260,Ford,Bronco II,2019-09-23 15:16:45,2018-08-06 16:35:01,1985,0,,27184.42,,66
261,Mercedes-Benz,E-Class,2018-09-18 15:32:36,2018-12-06 11:57:07,2007,0,,84386.53,,18
262,Buick,LeSabre,2018-11-26 04:33:51,2018-03-05 06:06:08,1998,0,,18961.56,,78
263,Ford,Edge,2018-07-05 09:22:46,2019-06-26 02:17:20,2007,1,,15559.88,,61
264,Honda,Pilot,2017-03-21 18:54:39,2019-07-21 09:46:41,2009,1,,25629.28,,70
265,Acura,MDX,2019-01-04 09:45:12,2018-09-30 15:11:58,2012,0,,68869.83,,51
266,Suzuki,Grand Vitara,2017-05-08 16:44:32,2018-04-05 04:49:30,2010,1,,16376.78,,22
267,Chevrolet,Tracker,2017-07-02 10:02:26,2019-03-19 05:25:31,2000,1,,79426.77,,69
268,Chevrolet,Astro,2019-08-18 16:54:48,2017-11-22 03:30:24,1999,0,,10180.46,,35
269,Mercury,Cougar,2016-11-12 22:15:55,2018-02-19 09:40:43,2001,0,,32462.86,,76
270,Honda,Ridgeline,2016-09-25 04:01:47,2018-07-17 03:42:21,2011,1,,69720.08,,70
271,Morgan,Aero 8,2017-04-20 13:10:31,2017-10-27 21:00:42,2007,1,,50907.42,,23
272,Chevrolet,Express 3500,2017-12-03 17:16:58,2018-04-04 03:49:04,2010,0,,86754.7,,86
273,Saab,9000,2018-05-18 09:57:06,2018-11-20 00:40:54,1992,0,,57939.98,,10
274,Lincoln,Blackwood,2018-02-12 22:23:46,2018-03-26 22:52:23,2003,0,,10040.49,,97
275,Cadillac,DeVille,2016-09-16 18:31:30,2018-02-13 07:05:47,1995,0,,2552.58,,5
276,Fairthorpe,Rockette,2018-09-26 12:37:39,2019-01-01 10:05:14,1960,1,,60641.59,,87
277,Toyota,Prius,2017-09-27 15:18:58,2018-10-14 05:34:14,2012,0,,88781.36,,63
278,Volvo,960,2018-10-13 03:18:58,2019-06-12 16:04:16,1995,1,,4755.98,,42
279,Toyota,RAV4,2018-11-01 10:25:11,2019-02-18 13:27:05,2003,0,,88743.23,,63
280,Dodge,Ram 2500,2017-05-27 19:34:11,2019-05-24 15:56:58,1999,0,,51477.08,,46
281,Subaru,Alcyone SVX,2018-12-29 15:07:20,2019-08-28 22:06:16,1995,1,,86222.56,,49
282,Mazda,B-Series,2017-03-10 23:25:07,2019-08-20 12:57:16,1991,1,,70734.39,,17
283,Audi,S4,2016-09-06 16:42:40,2017-06-20 17:44:07,2002,0,,85909.07,,43
284,Mercury,Topaz,2016-08-25 08:38:47,2019-09-12 03:10:56,1994,1,,39748.36,,16
285,Ford,Laser,2017-11-07 20:53:36,2019-10-04 23:58:06,1985,0,,22206.93,,29
286,Acura,NSX,2019-08-20 19:29:21,2017-07-22 17:37:21,2004,0,,63430.94,,94
287,Saab,9000,2017-06-22 13:15:10,2018-08-11 09:21:20,1987,0,,57954.72,,67
288,Mitsubishi,Truck,2018-02-07 19:56:43,2018-08-24 03:54:07,1987,1,,35600.81,,42
289,Mazda,929,2017-05-31 20:58:21,2018-07-06 19:13:38,1989,1,,47664.44,,88
290,Chevrolet,Aveo,2019-04-25 02:57:18,2018-09-19 16:58:51,2008,1,,67846.75,,81
291,Volvo,S70,2016-12-30 14:37:42,2018-03-20 09:04:28,1998,0,,96535.64,,27
292,Lexus,LS,2018-03-18 04:58:10,2018-08-31 08:34:04,2002,1,,48890.02,,52
293,Chevrolet,Cruze,2017-01-27 20:49:08,2017-08-18 12:48:18,2011,1,,10332.63,,34
294,Chrysler,LeBaron,2019-07-03 08:58:16,2017-10-06 12:11:28,1994,1,,16184.28,,82
295,Mitsubishi,Lancer,2018-12-18 02:04:08,2018-02-06 07:45:32,2008,0,,75915.35,,89
296,Nissan,Altima,2018-04-30 23:05:54,2017-11-13 01:56:02,2009,1,,67835.83,,9
297,Dodge,D350 Club,2016-10-05 16:23:51,2018-01-20 08:30:25,1992,1,,45436.22,,61
298,Hyundai,Tiburon,2019-03-31 21:23:24,2019-03-19 03:51:28,2008,1,,64887.51,,55
299,BMW,5 Series,2017-09-23 23:13:07,2018-04-07 08:45:13,1999,1,,14287.04,,57
300,Saturn,Sky,2016-12-31 00:29:35,2018-01-12 00:16:02,2007,1,,74654.4,,95
301,Isuzu,Rodeo,2018-09-28 08:42:15,2019-08-06 16:57:35,2000,0,,62535.93,,22
302,Chrysler,New Yorker,2017-05-10 13:13:48,2019-07-07 21:26:40,1996,1,,37732.41,,19
303,Chevrolet,Cobalt,2019-06-19 16:52:09,2018-11-19 10:04:30,2008,0,,63473.82,,72
304,Hummer,H3,2018-06-21 14:59:45,2018-05-15 17:34:04,2008,1,,34455.92,,90
305,Infiniti,G35,2017-07-15 17:27:07,2017-07-30 22:24:27,2006,1,,93014.75,,4
306,Acura,MDX,2017-10-23 22:53:35,2018-10-26 15:39:08,2001,0,,56550.02,,87
307,Mitsubishi,Truck,2018-09-08 00:44:37,2018-12-06 05:07:00,1994,0,,99322.24,,31
308,Mercedes-Benz,S-Class,2018-05-13 10:18:00,2017-07-28 09:44:54,2000,1,,96267.79,,7
309,Mitsubishi,Challenger,2018-05-26 02:58:14,2017-08-20 15:54:05,1999,1,,17326.8,,44
310,Honda,Civic Si,2017-02-13 01:22:20,2018-03-08 12:29:25,2005,1,,40225.68,,13
311,Hyundai,XG350,2019-09-12 15:58:57,2019-03-06 03:36:56,2002,1,,10331.39,,67
312,Geo,Metro,2016-08-12 03:13:50,2018-03-08 10:27:13,1997,1,,49865.5,,32
313,Lexus,GS,2016-12-23 22:04:28,2017-12-16 18:48:59,2004,0,,69800.61,,74
314,BMW,7 Series,2018-12-26 20:24:36,2017-10-05 15:31:19,1999,0,,87845.4,,61
315,Toyota,Camry,2017-01-18 06:11:26,2017-10-20 15:14:32,2005,0,,33185.54,,19
316,Jaguar,XK Series,2018-01-14 16:53:32,2019-05-15 09:33:07,2013,0,,24500.49,,81
317,Buick,Rendezvous,2017-02-17 10:23:31,2018-05-07 14:11:47,2003,1,,26542.88,,2
318,Hyundai,Accent,2019-01-13 20:40:33,2017-09-04 02:51:49,2010,0,,80747.96,,97
319,Lincoln,Town Car,2019-06-15 00:38:46,2019-04-06 01:13:52,1998,1,,58732.04,,28
320,Pontiac,LeMans,2017-11-13 22:36:26,2018-02-27 14:59:48,1989,1,,24997.22,,5
321,Volkswagen,GLI,2017-12-05 18:06:13,2019-09-16 01:41:47,2008,0,,5806.25,,59
322,Mitsubishi,Mirage,2018-04-01 20:51:07,2018-12-02 09:47:44,1986,0,,99188.19,,93
323,Chevrolet,Express 3500,2018-07-05 19:11:44,2018-04-18 11:47:18,2001,0,,27408.98,,15
324,Lincoln,Town Car,2019-01-27 06:09:00,2019-08-12 15:09:14,2004,0,,68532.37,,40
325,Volkswagen,Golf,2018-11-11 13:11:30,2018-11-03 05:18:03,2001,0,,70417.21,,37
326,Chevrolet,HHR,2017-01-19 07:42:22,2018-02-25 11:49:23,2010,0,,3911.14,,61
327,Mercury,Topaz,2019-10-16 14:39:10,2019-08-26 23:27:10,1994,0,,90730.53,,25
328,Lincoln,MKZ,2017-01-06 05:33:49,2018-06-21 07:22:39,2009,0,,55012.92,,30
329,Scion,tC,2019-03-06 11:41:39,2018-02-04 02:57:56,2010,1,,13231.72,,87
330,Mazda,Mazda6,2017-10-01 09:35:56,2017-08-22 20:54:22,2008,0,,6148.61,,32
331,Maserati,Coupe,2016-11-23 04:08:29,2018-12-20 20:58:39,2006,0,,87009.12,,73
332,Pontiac,Grand Am,2016-12-31 07:37:42,2019-05-10 00:08:51,2000,1,,46986.32,,76
333,Chrysler,New Yorker,2019-01-03 08:23:33,2018-07-22 19:29:21,1993,0,,44350.93,,40
334,Volkswagen,GTI,2016-08-18 00:19:13,2018-09-21 14:44:19,1986,0,,86066.74,,9
335,Mitsubishi,Truck,2017-09-07 03:15:46,2018-07-27 08:39:37,1996,0,,80436.91,,96
336,Volvo,850,2017-05-06 15:22:52,2018-01-17 02:57:28,1996,0,,8181.74,,82
337,Ford,Mustang,2018-08-01 07:39:47,2018-03-10 14:30:07,2013,1,,1685.72,,61
338,Cadillac,DeVille,2019-08-06 17:42:48,2018-05-11 06:09:45,1992,0,,91884.74,,82
339,Kia,Sedona,2017-07-07 15:15:37,2017-09-01 08:15:59,2008,1,,11491.05,,76
340,Pontiac,Aztek,2018-07-30 22:45:19,2018-03-08 03:50:55,2005,0,,56361.64,,24
341,Isuzu,Space,2017-01-21 00:21:10,2017-10-02 17:23:05,1992,1,,98194.99,,24
342,Kia,Sportage,2019-02-03 01:37:31,2018-07-22 19:36:14,2010,1,,51065.21,,27
343,Mitsubishi,Mirage,2017-04-03 21:52:40,2017-08-09 10:50:14,1990,0,,61183.17,,13
344,Dodge,Ram 2500,2017-12-05 10:00:16,2018-06-09 05:06:26,1999,0,,87180.44,,23
345,Oldsmobile,Silhouette,2018-06-27 04:33:06,2019-01-25 19:19:26,1995,1,,57810.81,,95
346,BMW,M3,2018-02-26 08:29:25,2019-08-12 01:34:30,2001,1,,95750.48,,97
347,Chevrolet,Suburban 2500,2018-12-09 01:08:30,2019-03-15 16:40:20,2003,0,,36269.18,,49
348,Saturn,L-Series,2018-07-04 19:23:10,2019-02-05 22:21:44,2000,0,,97049.21,,34
349,Infiniti,QX56,2018-08-27 18:12:31,2017-08-18 00:11:45,2012,1,,61255.03,,66
350,Peugeot,207,2017-04-13 15:28:45,2019-08-01 19:20:14,2007,1,,30915.8,,73
351,Eagle,Talon,2018-07-24 03:12:03,2017-08-15 15:43:48,1996,1,,31723.99,,53
352,Chevrolet,Suburban 2500,2017-02-18 10:26:42,2017-12-31 14:32:40,2001,0,,27651.05,,49
353,BMW,Z3,2018-10-05 23:00:35,2018-04-12 15:22:30,2001,0,,31731.81,,53
354,Ford,Expedition,2019-05-10 03:14:10,2019-09-20 21:12:06,1998,1,,26682.98,,56
355,Toyota,RAV4,2018-09-14 19:16:00,2019-09-14 13:42:18,2003,0,,28166.56,,30
356,Jaguar,XK,2017-07-02 12:22:20,2018-02-10 18:34:40,2006,1,,44385.46,,52
357,Ford,Windstar,2017-07-23 22:03:19,2017-07-16 16:26:24,1996,1,,2321.1,,18
358,Nissan,Frontier,2019-08-08 00:43:19,2019-06-26 02:59:14,2006,0,,69349.57,,49
359,Mercury,Sable,2017-06-26 11:01:10,2017-12-17 07:57:33,1999,1,,10335.18,,16
360,Hummer,H1,2019-03-31 17:03:22,2019-05-10 09:02:23,2000,0,,88642.27,,98
361,Lexus,IS,2017-02-17 22:48:59,2017-10-23 04:20:00,2010,1,,85284.26,,77
362,BMW,X5,2018-05-26 08:06:54,2019-09-15 05:36:39,2002,1,,66642.81,,3
363,Mercury,Grand Marquis,2017-04-24 03:31:04,2017-10-06 03:18:45,1998,0,,28166.54,,75
364,Chevrolet,Corvette,2019-04-20 22:54:11,2018-07-18 08:41:04,2001,0,,89271.74,,70
365,Hyundai,Tiburon,2017-02-18 09:32:55,2018-07-13 14:07:54,2005,1,,24421.88,,36
366,Chevrolet,SSR,2017-08-03 05:39:32,2017-12-04 17:55:40,2003,0,,77594.29,,49
367,Mitsubishi,Eclipse,2019-01-27 23:29:15,2018-06-28 13:07:12,1992,0,,32994.43,,30
368,Mercedes-Benz,E-Class,2018-09-02 01:04:25,2017-11-18 19:11:02,1997,0,,83344.01,,18
369,Chevrolet,Blazer,2019-01-17 19:42:59,2019-05-25 14:26:49,1998,0,,50808.69,,57
370,Lotus,Elan,2017-05-24 02:53:28,2018-02-11 00:10:16,1991,1,,22269.55,,57
371,Honda,Insight,2017-11-11 06:37:27,2018-09-05 00:49:56,2006,1,,82834.21,,29
372,GMC,3500 Club Coupe,2018-07-04 22:44:10,2017-07-11 02:32:30,1997,1,,58240.33,,66
373,Honda,Accord,2017-08-08 00:36:58,2017-10-06 07:07:41,1987,1,,14415.29,,14
374,Volvo,850,2018-02-28 01:24:32,2018-01-20 10:46:35,1997,1,,36624.71,,16
375,Chevrolet,Corsica,2018-08-23 17:29:00,2017-10-18 14:04:41,1993,0,,42861.33,,51
376,Pontiac,Grand Prix,2016-11-23 21:01:41,2018-05-06 05:54:22,2002,0,,3049.89,,62
377,Mazda,MX-6,2016-10-30 11:45:35,2017-12-16 13:03:35,1991,0,,21313.27,,45
378,Saab,9-3,2019-01-31 18:03:00,2018-09-17 17:29:27,2008,1,,69689.62,,4
379,Mazda,Miata MX-5,2017-06-09 23:32:35,2017-08-31 17:02:21,2008,0,,36957.3,,30
380,Audi,5000S,2018-11-19 06:49:52,2018-07-02 08:35:39,1986,0,,44443.09,,75
381,GMC,Yukon XL 2500,2017-11-16 14:35:31,2017-08-11 14:15:44,2001,1,,26685.25,,59
382,Jeep,Liberty,2018-07-10 07:43:10,2019-08-28 21:04:17,2002,1,,89421.66,,79
383,Ford,Mustang,2017-02-27 11:54:20,2017-07-06 13:20:34,1990,0,,38083.95,,25
384,GMC,2500 Club Coupe,2019-06-12 00:48:56,2018-12-12 18:36:29,1998,1,,20067.24,,73
385,Ford,Fiesta,2016-08-30 00:57:12,2018-07-13 14:23:36,2012,1,,73960.0,,25
386,Chrysler,Prowler,2019-01-31 09:13:24,2017-08-07 07:57:39,2002,0,,94595.93,,7
387,Audi,A8,2018-12-03 23:24:16,2019-10-05 12:14:35,2012,1,,34678.16,,90
388,Saturn,VUE,2018-04-13 04:58:09,2019-03-01 19:57:44,2004,0,,33421.37,,75
389,BMW,6 Series,2018-02-28 00:46:44,2017-09-26 02:13:56,2006,1,,76772.91,,30
390,Kia,Spectra,2018-04-06 16:33:50,2019-05-24 18:42:33,2001,0,,92318.98,,50
391,Toyota,MR2,2019-09-13 09:50:53,2019-10-23 22:04:38,2001,0,,3545.68,,34
392,Cadillac,Seville,2019-05-03 10:21:15,2019-05-22 21:01:27,1992,1,,56375.82,,61
393,Cadillac,CTS-V,2017-02-07 00:57:37,2017-12-28 23:31:20,2007,0,,20968.92,,32
394,Maybach,Landaulet,2019-07-11 15:23:08,2019-09-30 17:44:50,2012,1,,47066.9,,85
395,Chevrolet,Tahoe,2016-11-09 05:59:37,2018-02-28 19:18:22,2000,0,,24281.71,,85
396,Honda,Prelude,2017-05-22 16:21:10,2018-05-25 16:06:20,1995,0,,69372.97,,23
397,Nissan,Pathfinder,2017-08-10 21:38:00,2017-11-06 01:42:14,2002,1,,15328.51,,25
398,Toyota,Camry,2017-05-06 03:16:54,2019-10-14 08:41:48,2003,1,,90255.8,,14
399,Chevrolet,Suburban 1500,2018-12-09 10:47:22,2018-02-05 19:42:21,1998,1,,20949.03,,40
400,Dodge,Journey,2018-04-29 00:14:07,2017-09-18 21:53:11,2011,0,,56741.83,,83
401,Mercedes-Benz,E-Class,2018-07-10 21:00:11,2018-07-04 10:11:04,1992,1,,48032.72,,52
402,Mazda,Miata MX-5,2016-09-05 16:20:40,2019-03-01 11:26:54,2008,0,,55977.3,,24
403,Mercury,Montego,2018-07-07 17:57:27,2019-02-10 04:29:52,2007,0,,93765.08,,97
404,Mazda,Familia,2017-06-21 18:17:39,2018-09-22 11:28:21,1989,1,,20788.16,,59
405,Chevrolet,Malibu,2019-09-30 09:16:03,2017-11-07 12:58:46,1999,0,,10857.76,,97
406,Ford,Edge,2018-06-05 20:14:17,2019-08-09 18:44:04,2008,1,,7321.57,,60
407,Chevrolet,TrailBlazer,2019-03-07 07:28:04,2018-03-24 19:47:18,2002,0,,57581.43,,99
408,Lincoln,Continental,2018-08-15 19:20:09,2018-12-09 22:18:49,1986,1,,66199.02,,37
409,Chevrolet,Express 1500,2016-10-20 18:58:33,2018-12-05 12:04:42,2007,0,,97962.67,,2
410,Ford,Mustang,2018-08-01 23:45:23,2018-01-10 20:37:59,1973,1,,49835.21,,6
411,Aston Martin,DB9 Volante,2017-03-22 21:10:32,2018-02-04 00:28:46,2006,1,,74351.51,,10
412,Porsche,Boxster,2017-02-12 14:19:17,2018-12-29 11:15:32,1998,0,,5279.35,,95
413,Mercedes-Benz,SL-Class,2018-07-29 01:26:27,2019-08-28 03:09:55,2012,0,,36477.53,,34
414,Mazda,MX-5,2018-01-17 11:27:03,2019-03-14 02:01:00,2001,0,,70551.5,,73
415,Hyundai,Entourage,2016-10-15 13:01:33,2019-03-09 02:48:13,2007,1,,42110.49,,12
416,Honda,CR-V,2019-03-13 10:45:29,2017-12-14 03:07:23,2012,0,,22244.31,,59
417,Chevrolet,Suburban,2016-10-25 01:41:51,2018-04-19 17:45:12,2009,0,,74391.33,,71
418,Dodge,Shadow,2018-01-12 06:12:57,2019-01-30 06:27:48,1994,1,,78164.28,,25
419,Dodge,Ram Van 2500,2017-06-29 15:56:55,2019-09-06 01:53:53,1998,0,,20526.79,,30
420,Dodge,Ramcharger,2017-01-08 16:18:08,2019-04-15 15:55:46,1992,1,,23882.58,,3
421,Hyundai,Accent,2018-06-27 00:57:46,2019-03-23 09:16:48,2009,0,,80811.8,,55
422,Ford,Escape,2018-04-17 00:03:33,2017-10-19 08:20:36,2010,0,,90061.65,,34
423,Ford,Flex,2018-07-18 09:19:13,2017-09-19 19:35:09,2011,1,,35757.2,,52
424,Ford,Ranger,2019-07-29 14:39:00,2017-11-21 08:45:30,1993,0,,42548.77,,96
425,Ford,Laser,2018-06-03 19:08:12,2017-12-21 07:56:24,1984,0,,75562.12,,12
426,Dodge,Grand Caravan,2017-04-30 05:13:16,2019-06-03 06:36:13,2000,1,,87596.05,,92
427,Pontiac,Firefly,2019-07-24 06:53:51,2018-05-08 22:43:04,1991,1,,94628.9,,96
428,Hyundai,Genesis,2017-04-26 23:02:30,2019-04-23 07:17:11,2012,1,,20609.3,,8
429,Mercedes-Benz,G-Class,2018-10-31 06:21:08,2017-12-01 02:31:45,2011,0,,94403.23,,33
430,Mazda,MX-5,2017-11-09 02:24:13,2018-01-01 11:38:11,1992,0,,44197.33,,40
431,Mercedes-Benz,C-Class,2018-06-16 23:39:45,2017-10-06 23:19:29,1993,1,,21015.87,,75
432,Toyota,Tacoma,2017-06-07 08:51:32,2018-02-17 09:53:40,1996,0,,32694.03,,14
433,GMC,Savana 3500,2018-09-25 19:56:30,2017-12-28 01:28:39,2012,0,,99501.17,,36
434,Dodge,Stealth,2018-08-18 06:47:32,2017-12-18 02:48:13,1993,1,,34923.96,,70
435,Pontiac,GTO,2019-07-26 02:19:26,2019-08-14 18:50:43,1969,0,,33023.75,,50
436,Chevrolet,Cavalier,2016-10-26 02:45:37,2018-04-04 01:31:56,1998,0,,38223.82,,56
437,Mercury,Grand Marquis,2018-03-16 15:11:29,2018-05-18 20:33:38,1997,1,,41874.34,,77
438,Ford,F250,2017-07-10 10:23:27,2019-08-10 10:44:25,1996,0,,87020.03,,83
439,Lincoln,Town Car,2017-10-03 00:45:11,2019-02-01 05:35:15,1987,1,,82961.23,,69
440,Dodge,Ram 1500,2018-03-24 20:11:14,2019-04-28 15:12:18,1994,0,,21446.23,,99
441,Dodge,Dakota Club,2017-05-07 16:40:23,2018-11-18 03:33:16,2000,1,,22252.13,,70
442,Dodge,Neon,2017-03-16 02:04:43,2018-01-21 17:34:35,1997,1,,27082.44,,64
443,Mazda,929,2018-07-23 00:23:38,2017-11-22 02:22:57,1994,0,,81199.44,,31
444,GMC,Savana 3500,2019-06-27 00:51:52,2019-01-15 22:27:26,2009,0,,89798.27,,38
445,Ford,Freestar,2017-02-22 08:33:18,2018-05-03 21:20:57,2005,0,,73605.49,,64
446,Land Rover,Defender,2017-09-04 11:45:29,2018-12-05 04:35:14,1993,0,,11944.42,,65
447,Chevrolet,S10,2016-10-22 23:29:28,2017-07-03 23:21:49,1994,0,,43482.37,,4
448,Kia,Sorento,2016-11-15 00:12:56,2018-11-25 15:55:07,2003,0,,85708.75,,65
449,Acura,TSX,2017-11-05 12:38:48,2018-02-14 18:41:57,2006,1,,70406.75,,56
450,Chevrolet,Express 3500,2017-10-05 23:37:46,2019-07-06 22:41:53,1998,0,,59820.77,,74
451,Ford,E-Series,2018-01-21 17:19:25,2018-01-25 02:32:19,2002,1,,10772.85,,92
452,GMC,Sierra,2018-05-31 00:31:38,2018-07-02 23:04:22,2011,1,,74021.22,,52
453,Infiniti,Q,2019-03-11 15:26:12,2017-10-03 01:50:24,2003,0,,70469.94,,81
454,Oldsmobile,88,2016-10-30 02:54:15,2017-09-30 01:54:00,1995,0,,20239.68,,40
455,Lincoln,Town Car,2016-09-02 09:27:05,2019-09-30 14:45:36,1986,1,,38739.3,,75
456,Pontiac,Trans Sport,2017-01-25 13:39:28,2019-03-13 13:15:24,1998,1,,21210.78,,49
457,Chevrolet,Camaro,2019-01-15 06:34:38,2019-07-14 01:04:16,2012,1,,95613.36,,89
458,Chevrolet,G-Series G10,2018-04-05 09:45:42,2019-07-26 09:57:50,1992,1,,60519.76,,90
459,Dodge,Intrepid,2017-07-01 11:57:30,2017-09-25 21:18:27,2000,1,,6493.28,,71
460,GMC,Envoy XL,2019-10-16 00:13:25,2017-11-22 08:53:40,2006,0,,35236.72,,55
461,Chrysler,300C,2017-06-24 22:22:23,2018-03-01 21:11:46,2005,0,,87835.12,,3
462,Subaru,Impreza,2019-10-13 14:38:41,2017-09-19 03:15:33,2008,1,,39310.74,,7
463,Infiniti,FX,2018-11-16 05:21:10,2019-06-05 04:11:52,2006,1,,61295.93,,1
464,Hyundai,Equus,2017-03-25 05:13:35,2018-05-05 09:04:37,2012,0,,69764.5,,72
465,Suzuki,Swift,2019-01-09 14:21:43,2018-10-12 00:19:10,2000,0,,24589.98,,99
466,Acura,Legend,2018-03-14 21:23:26,2019-10-16 09:09:50,1994,0,,63421.09,,26
467,Chevrolet,Equinox,2018-08-19 08:34:38,2019-04-01 10:38:32,2012,0,,80927.83,,62
468,Mazda,B-Series,2019-10-07 18:25:38,2018-04-22 19:21:08,1986,0,,78505.54,,49
469,Ford,Ranger,2019-05-25 14:50:56,2017-06-30 07:48:33,2005,1,,78478.16,,22
470,Lexus,LS Hybrid,2017-02-12 09:56:16,2017-08-10 10:16:14,2010,1,,2510.66,,66
471,Ford,Aerostar,2018-08-29 23:12:05,2018-11-15 03:56:14,1996,1,,80847.93,,38
472,Mercury,Capri,2017-06-13 07:39:54,2019-01-26 21:54:52,1984,0,,20059.7,,25
473,Pontiac,Sunfire,2019-06-02 11:10:15,2018-06-21 03:06:17,1997,0,,5767.02,,9
474,Ford,E350,2016-08-26 13:22:10,2018-01-22 18:24:53,2006,0,,87073.14,,25
475,Ford,Escape,2017-03-02 18:11:56,2018-01-06 17:32:13,2003,1,,45335.37,,31
476,GMC,Savana 3500,2017-03-21 14:58:43,2018-08-02 13:27:42,2001,1,,81204.74,,60
477,Saab,9000,2018-10-08 19:40:33,2018-12-07 08:21:28,1997,0,,29670.68,,30
478,Honda,Prelude,2016-11-08 04:51:20,2019-07-06 09:05:38,1999,0,,41633.19,,84
479,Lincoln,Aviator,2018-08-21 00:16:02,2017-08-31 06:52:08,2005,1,,45891.21,,58
480,Audi,RS6,2019-10-01 21:46:00,2019-03-03 02:07:21,2003,0,,37676.32,,59
481,Mercedes-Benz,CLK-Class,2017-10-04 13:33:02,2017-07-09 17:14:28,2006,1,,82850.85,,60
482,Mazda,Protege,2019-10-08 08:24:24,2019-01-14 06:16:06,1992,0,,53794.22,,90
483,Audi,A4,2018-09-24 04:44:50,2018-04-07 12:35:07,2000,1,,8593.86,,35
484,Ford,Bronco,2017-03-23 07:45:52,2017-12-27 16:37:33,1987,0,,11473.48,,61
485,BMW,X3,2017-03-02 05:11:21,2019-03-13 00:53:10,2007,1,,93419.3,,1
486,Kia,Spectra,2017-09-19 01:35:26,2017-07-25 14:54:36,2008,0,,73509.43,,0
487,Hyundai,XG350,2018-04-15 21:23:05,2019-08-21 18:23:41,2005,0,,33895.17,,27
488,GMC,Yukon,2017-10-23 03:27:45,2018-07-19 20:53:14,1997,0,,95961.18,,17
489,Cadillac,DeVille,2018-08-23 15:48:08,2018-05-31 08:15:58,1992,0,,45036.72,,28
490,Mercury,Milan,2019-01-24 10:30:41,2017-07-15 11:36:03,2010,0,,34205.72,,9
491,Volvo,V40,2017-06-07 04:15:23,2018-08-15 10:56:23,2003,1,,87551.37,,52
492,Aston Martin,Rapide,2017-08-18 04:29:50,2018-11-18 11:35:53,2012,0,,23474.6,,71
493,Audi,A6,2016-11-17 00:54:20,2019-09-19 16:54:40,2011,0,,49746.79,,95
494,Honda,Accord,2017-12-25 07:24:08,2018-05-23 20:19:46,1994,0,,79367.0,,58
495,GMC,Yukon,2016-08-19 09:03:29,2019-09-04 15:39:51,1992,1,,80773.71,,8
496,Chevrolet,SSR,2017-09-03 12:58:56,2018-02-12 16:18:36,2005,1,,63467.98,,45
497,Mitsubishi,Eclipse,2017-11-16 09:55:58,2018-07-18 01:42:22,2004,0,,30086.47,,50
498,GMC,Savana 2500,2019-02-08 01:25:10,2017-08-08 14:49:35,2011,1,,69579.81,,15
499,Ford,Fiesta,2019-05-17 08:35:58,2017-11-06 03:00:38,2013,1,,60948.63,,16
500,Hyundai,Tiburon,2018-08-16 19:56:32,2019-05-25 00:40:27,2007,0,,98536.89,,57
501,Volvo,S60,2017-11-21 11:54:09,2018-11-21 13:38:38,2011,0,,44023.09,,23
502,Volkswagen,Passat,2017-07-10 02:30:45,2018-09-13 20:45:02,2003,0,,17533.5,,27
503,Dodge,Dakota Club,2017-12-18 05:18:19,2017-12-10 17:15:40,1992,0,,25878.93,,85
504,GMC,Savana 1500,2017-12-02 05:18:44,2017-10-15 00:32:53,2004,1,,84404.79,,55
505,Mitsubishi,Cordia,2018-02-16 01:58:29,2019-07-01 03:06:45,1985,1,,8300.57,,60
506,Jaguar,XF,2018-07-05 13:42:44,2018-03-08 14:23:00,2009,0,,21025.64,,48
507,Toyota,Camry Solara,2017-04-27 22:18:26,2017-07-27 13:11:47,2006,1,,57753.72,,66
508,Oldsmobile,Intrigue,2019-04-29 01:31:51,2018-11-22 17:38:01,1999,0,,27374.23,,93
509,Honda,Odyssey,2017-12-14 16:36:31,2017-07-05 16:26:10,2004,0,,94167.11,,87
510,Maserati,Quattroporte,2017-08-28 20:51:37,2019-03-05 06:42:25,2008,0,,90862.33,,36
511,Mazda,Familia,2019-01-26 12:08:29,2019-04-26 10:56:45,1992,1,,26767.19,,80
512,Mercedes-Benz,E-Class,2018-06-08 12:12:13,2019-10-20 17:22:02,1987,1,,41540.86,,91
513,Mitsubishi,Diamante,2019-08-02 19:50:02,2018-11-22 00:55:31,1999,1,,38611.47,,84
514,Volvo,S60,2017-02-13 15:24:16,2018-07-31 21:36:17,2003,0,,81537.49,,62
515,Lexus,GS,2016-11-03 00:55:22,2019-01-12 01:00:25,2010,1,,47743.1,,15
516,Lincoln,Town Car,2019-07-05 22:16:13,2018-10-20 06:22:28,1984,1,,34566.24,,74
517,Mitsubishi,Raider,2019-10-19 19:59:06,2018-08-04 20:13:01,2008,1,,84450.0,,17
518,Corbin,Sparrow,2018-09-23 05:27:57,2018-02-23 16:46:13,1999,0,,42137.64,,84
519,Dodge,Ram Van 2500,2019-09-07 14:13:04,2017-07-20 01:19:43,2000,1,,38053.05,,63
520,Lincoln,Town Car,2017-02-19 13:18:02,2018-03-14 04:03:59,2003,1,,79655.04,,85
521,Ford,Festiva,2018-08-04 17:41:48,2018-11-25 02:49:42,1992,1,,30941.22,,59
522,GMC,Yukon,2017-02-21 05:28:50,2017-10-04 13:02:43,2001,1,,70493.42,,68
523,Hyundai,Tiburon,2018-07-03 03:08:08,2017-12-02 19:27:04,2008,0,,74751.74,,21
524,Cadillac,Escalade ESV,2017-01-23 04:03:51,2019-01-25 14:16:46,2005,1,,45761.17,,24
525,Volkswagen,Passat,2017-09-20 09:23:02,2018-12-27 08:30:52,1995,0,,52881.18,,94
526,Lincoln,Mark VII,2019-06-10 03:19:49,2017-11-02 09:16:35,1984,0,,86361.61,,20
527,Oldsmobile,Bravada,2016-11-20 04:00:43,2019-10-21 23:42:30,2001,0,,66854.98,,90
528,Ford,Explorer,2019-03-11 08:54:03,2018-11-22 03:46:29,2004,1,,59221.42,,97
529,Audi,100,2017-02-16 10:02:13,2017-12-09 22:01:17,1994,0,,22311.18,,48
530,Isuzu,Stylus,2018-08-05 05:48:07,2018-01-21 15:20:47,1992,0,,41775.65,,81
531,Toyota,Tercel,2019-07-02 17:44:11,2018-05-01 11:03:26,1994,0,,31292.13,,34
532,Ford,LTD Crown Victoria,2019-08-20 20:31:28,2017-10-01 15:41:06,1988,0,,39392.36,,17
533,Volkswagen,Fox,2018-12-25 06:01:52,2019-06-04 15:44:20,1990,1,,92615.44,,73
534,BMW,5 Series,2017-07-10 13:47:59,2017-10-09 08:19:38,2009,1,,57374.49,,55
535,Mercury,Topaz,2017-07-25 16:17:08,2018-04-06 04:06:19,1993,0,,27788.34,,14
536,Rolls-Royce,Phantom,2017-04-02 18:15:25,2017-09-21 06:48:41,2007,0,,80114.04,,92
537,Mitsubishi,Pajero,2017-02-24 19:14:40,2019-05-20 02:41:14,1990,1,,98379.37,,54
538,Audi,Cabriolet,2018-07-23 13:12:00,2018-10-02 22:23:54,1997,1,,81755.74,,76
539,Volvo,940,2019-07-05 07:30:03,2018-11-28 09:54:28,1992,0,,15083.89,,3
540,Hyundai,Accent,2018-02-28 11:48:12,2018-01-10 06:20:05,2004,1,,16002.1,,56
541,Mercury,Marquis,2016-10-28 18:20:49,2018-04-11 08:09:10,1984,1,,94497.7,,41
542,Toyota,Tacoma,2017-11-07 16:00:27,2018-01-31 19:34:01,2008,1,,94978.83,,58
543,Oldsmobile,Silhouette,2017-01-16 02:42:30,2018-10-26 09:59:29,1994,1,,57879.79,,58
544,BMW,Z4,2018-02-05 19:47:18,2018-06-20 17:58:26,2012,1,,76568.9,,95
545,Mercedes-Benz,GL-Class,2017-07-21 09:45:38,2018-02-17 16:05:37,2010,0,,62124.28,,22
546,Dodge,Avenger,2017-09-09 07:38:06,2017-06-17 17:11:47,1996,1,,56285.58,,28
547,BMW,X3,2018-05-06 08:08:06,2019-10-04 12:56:10,2011,1,,32807.5,,62
548,Mercedes-Benz,SL-Class,2018-05-14 15:24:26,2018-01-02 18:49:28,1986,0,,13281.19,,23
549,Oldsmobile,Silhouette,2017-05-26 11:32:04,2019-08-30 01:14:07,2000,1,,11108.26,,83
550,Maserati,Spyder,2019-03-06 16:24:00,2018-11-23 17:19:57,2003,1,,46403.08,,46
551,Volvo,S80,2017-02-05 15:39:27,2018-12-10 13:17:47,2009,1,,93524.2,,5
552,Honda,Pilot,2019-05-17 04:35:18,2018-02-23 07:03:32,2012,1,,34812.15,,91
553,Kia,Sportage,2017-03-19 05:09:53,2018-04-20 21:39:47,2009,0,,95909.15,,50
554,Dodge,Viper RT/10,2018-12-31 22:34:16,2019-04-10 08:14:03,1993,0,,16245.21,,82
555,GMC,Yukon XL 1500,2019-05-16 10:22:14,2019-04-27 10:26:07,2011,1,,9796.72,,42
556,Toyota,T100,2018-02-01 19:16:01,2017-08-19 01:32:20,1993,1,,58600.38,,34
557,Volkswagen,Golf,2016-10-11 23:31:50,2019-02-18 13:54:02,1989,0,,5876.32,,47
558,Mazda,Protege,2019-02-05 22:40:16,2017-10-03 11:13:40,1995,1,,4437.59,,29
559,Bentley,Mulsanne,2017-03-26 05:07:02,2017-08-08 14:47:16,2011,0,,53414.36,,51
560,Mercury,Grand Marquis,2017-05-02 07:00:09,2017-11-05 10:51:29,1998,1,,68576.49,,87
561,Honda,Pilot,2017-05-22 09:39:40,2017-09-14 10:35:18,2006,1,,3469.68,,11
562,Dodge,Ram 50,2019-10-16 02:55:22,2019-04-11 00:43:54,1993,1,,97671.1,,30
563,Ford,Probe,2019-01-18 23:20:59,2019-06-11 10:36:02,1995,1,,82600.95,,13
564,Mercedes-Benz,GL-Class,2018-04-16 16:19:42,2017-12-22 12:48:00,2008,1,,56841.19,,53
565,Mitsubishi,Challenger,2018-11-02 03:34:47,2019-02-01 07:38:27,2004,1,,50027.47,,21
566,Dodge,Grand Caravan,2019-03-31 16:54:17,2019-03-28 10:46:20,2010,1,,58017.64,,13
567,Chevrolet,Suburban 1500,2017-01-28 14:55:11,2017-11-15 02:31:43,1999,1,,58649.64,,14
568,Ford,F250,2019-02-15 20:21:49,2019-02-02 18:43:17,1995,0,,92939.62,,12
569,Acura,CL,2017-03-04 11:33:13,2017-07-30 21:07:56,1999,1,,54030.76,,36
570,Volkswagen,GTI,2019-09-17 06:13:10,2017-10-07 13:41:03,2000,1,,17437.51,,85
571,Daewoo,Leganza,2019-07-31 10:16:18,2019-03-27 02:05:21,2001,1,,57631.61,,65
572,Pontiac,6000,2017-04-06 09:32:00,2018-11-16 13:27:38,1984,1,,88605.55,,26
573,Chevrolet,Camaro,2017-12-29 21:59:46,2018-04-26 03:40:13,1970,0,,62467.41,,78
574,Pontiac,Firebird,2018-12-17 09:47:14,2018-11-05 07:43:08,1992,1,,32542.63,,82
575,GMC,Sierra 3500,2017-11-10 11:22:13,2019-02-13 15:36:06,2006,0,,41452.97,,34
576,Toyota,TundraMax,2019-10-16 21:19:15,2019-07-18 12:04:11,2011,0,,62936.9,,3
577,Mazda,Tribute,2016-08-10 09:59:10,2018-04-11 21:41:46,2003,1,,89065.98,,17
578,Suzuki,Swift,2019-07-16 09:59:25,2018-12-15 18:30:32,2000,0,,22247.57,,48
579,Ford,Aspire,2017-07-16 13:46:39,2019-10-06 02:13:24,1995,1,,32304.07,,21
580,Audi,A8,2018-02-12 02:25:34,2019-06-15 11:50:34,2012,0,,16270.74,,81
581,Mercury,Cougar,2017-06-08 06:13:58,2018-01-05 22:47:49,1999,0,,52249.2,,55
582,Ford,F350,2018-03-28 05:54:54,2019-10-21 10:21:06,1999,0,,92987.14,,98
583,Plymouth,Colt Vista,2018-07-05 03:22:04,2018-11-20 07:28:15,1992,0,,82508.44,,45
584,Acura,TSX,2017-08-08 05:44:18,2019-04-18 16:19:21,2005,0,,92866.57,,0
585,Buick,Coachbuilder,2017-12-08 10:11:50,2018-10-28 04:03:10,1990,0,,66379.43,,35
586,Ford,Crown Victoria,2017-02-23 00:16:01,2019-05-10 11:52:52,2003,0,,40622.32,,59
587,Honda,Passport,2017-10-28 02:19:39,2019-08-30 04:02:34,1997,0,,90016.46,,52
588,Audi,Q7,2018-01-22 20:19:34,2018-10-18 19:28:34,2009,1,,48283.7,,20
589,GMC,Sonoma,2017-08-02 02:30:32,2018-06-26 04:39:49,2002,0,,51330.98,,50
590,Ford,Explorer,2018-04-25 00:12:33,2017-08-25 02:08:34,2013,1,,33129.61,,40
591,Toyota,Celica,2018-03-11 08:08:57,2018-05-29 13:29:01,2005,1,,74426.18,,58
592,Hyundai,Tiburon,2017-12-11 22:23:12,2017-12-26 22:47:06,2003,0,,85299.62,,81
593,Volvo,S60,2018-10-25 05:29:43,2018-09-26 02:54:34,2011,1,,76047.91,,96
594,Ford,Club Wagon,2018-05-23 10:51:24,2018-06-04 16:39:56,1995,1,,86154.15,,28
595,Volvo,XC90,2017-05-27 23:33:55,2018-12-23 17:28:06,2011,1,,73917.98,,38
596,Mazda,MX-5,2019-06-05 11:44:50,2017-09-24 22:34:29,1995,1,,85828.12,,3
597,Acura,Vigor,2018-01-09 10:06:51,2018-04-19 09:29:16,1994,0,,94051.81,,48
598,Hyundai,Tiburon,2016-09-15 18:53:47,2017-08-05 02:35:59,1997,1,,71344.1,,73
599,Chevrolet,Caprice,2016-09-09 14:04:51,2019-04-25 08:27:38,1991,0,,51898.06,,28
600,Lamborghini,Diablo,2018-10-05 14:54:06,2017-08-27 21:10:30,1997,1,,48563.76,,1
601,Mitsubishi,Cordia,2017-12-08 03:37:12,2018-07-11 16:53:44,1986,1,,19393.45,,57
602,Toyota,Sienna,2017-11-24 21:17:37,2019-10-18 11:45:17,2011,1,,5519.02,,84
603,Ferrari,599 GTB Fiorano,2018-03-25 05:12:34,2018-10-06 23:09:09,2007,0,,9630.97,,39
604,Mazda,626,2017-03-27 14:15:14,2017-09-05 01:27:58,2000,1,,14611.58,,71
605,Mitsubishi,Cordia,2016-12-27 16:00:57,2018-01-06 04:47:28,1985,1,,97686.95,,59
606,Toyota,Highlander,2017-03-17 13:50:01,2018-07-05 17:45:45,2011,0,,4411.1,,90
607,Honda,Pilot,2018-08-01 15:23:27,2017-07-12 00:32:29,2007,1,,55865.61,,87
608,Mazda,Navajo,2018-12-13 07:49:29,2017-08-27 07:09:10,1992,1,,6665.21,,15
609,Chevrolet,Corvette,2017-06-30 16:54:12,2019-04-16 21:32:19,1995,0,,77866.04,,34
610,Audi,A6,2019-06-11 13:26:02,2019-04-02 03:57:40,2009,0,,10619.29,,53
611,Oldsmobile,98,2019-08-30 12:24:57,2017-11-20 03:46:39,1996,1,,55106.9,,67
612,Audi,riolet,2019-02-18 00:02:07,2019-02-07 04:16:48,1998,0,,59458.4,,1
613,Volkswagen,rio,2018-03-31 12:15:37,2017-08-29 18:18:29,1996,0,,38145.74,,10
614,Cadillac,Escalade ESV,2018-01-11 23:56:13,2018-07-11 21:36:27,2012,0,,45204.56,,27
615,Dodge,Viper RT/10,2019-08-11 12:02:58,2018-09-01 07:18:53,1994,0,,75101.54,,33
616,Ford,E350,2016-09-30 03:31:55,2018-05-28 15:16:57,2011,1,,36124.72,,86
617,Ford,E250,2018-08-24 16:20:42,2019-07-14 14:18:53,2010,1,,98004.9,,95
618,Toyota,FJ Cruiser,2016-11-02 15:58:04,2018-04-02 13:21:53,2009,0,,33698.25,,27
619,Mercedes-Benz,CLK-Class,2018-10-18 17:39:10,2018-10-30 08:24:38,2006,0,,9591.95,,22
620,Mazda,Miata MX-5,2018-12-17 12:59:45,2019-03-27 17:15:39,2001,0,,52887.41,,92
621,Buick,Coachbuilder,2019-09-11 15:52:13,2018-07-22 11:24:04,1992,1,,73080.6,,10
622,Ford,Escape,2018-04-07 23:34:59,2018-07-11 18:46:32,2007,1,,93170.64,,83
623,Chevrolet,Express 1500,2017-05-24 12:24:33,2018-08-17 01:50:23,2004,1,,89827.21,,3
624,Pontiac,Sunbird,2017-11-24 18:20:34,2018-06-27 01:00:23,1983,1,,83558.46,,41
625,Jaguar,XF,2017-08-12 04:02:22,2017-10-04 06:53:00,2010,0,,97704.94,,94
626,Hyundai,Elantra,2018-10-26 05:42:18,2018-02-26 02:13:06,1994,0,,46204.7,,77
627,Ford,LTD Crown Victoria,2018-06-22 02:20:22,2018-08-21 10:32:53,1985,1,,22701.83,,95
628,Plymouth,Fury,2019-08-18 04:20:57,2019-08-14 06:05:11,1964,1,,30615.73,,71
629,Lincoln,Town Car,2016-08-19 01:31:09,2018-06-19 01:41:43,2003,0,,14454.98,,30
630,Volkswagen,Rabbit,2018-05-16 19:34:17,2017-10-02 16:59:22,2009,0,,42675.12,,54
631,Oldsmobile,Cutlass Supreme,2016-09-03 19:10:05,2019-08-27 22:48:57,1992,0,,26997.73,,53
632,Ford,LTD Crown Victoria,2018-06-01 17:16:33,2019-04-18 00:22:20,1984,1,,9890.27,,58
633,Infiniti,G,2018-10-21 17:30:05,2019-05-28 06:05:08,1993,0,,70247.13,,90
634,Mazda,B-Series Plus,2018-12-24 22:03:49,2019-10-08 21:36:43,1997,0,,24526.6,,84
635,Ford,Explorer Sport Trac,2016-08-18 12:26:39,2018-05-25 06:23:34,2009,0,,13619.75,,99
636,Chevrolet,Astro,2017-11-23 01:31:45,2019-03-10 04:51:10,2005,1,,35691.77,,3
637,Jensen,Interceptor,2018-11-15 21:33:30,2019-03-13 19:55:40,1967,1,,9941.35,,62
638,Hyundai,Elantra,2019-02-02 07:28:38,2017-09-29 04:59:31,2012,0,,62389.73,,40
639,Ford,Focus,2017-05-18 20:48:41,2017-09-18 18:49:45,2007,1,,19171.15,,54
640,Mercury,Cougar,2016-09-21 21:57:07,2018-05-30 13:06:16,1991,1,,64882.9,,17
641,Chevrolet,Silverado 1500,2017-10-25 06:06:42,2018-10-03 12:56:17,2010,1,,78432.35,,82
642,Chevrolet,TrailBlazer,2019-10-10 03:12:12,2018-04-06 04:53:49,2006,0,,59513.99,,21
643,BMW,550,2018-05-25 07:13:05,2018-09-16 12:18:58,2006,1,,89326.11,,41
644,Mitsubishi,Raider,2018-08-25 21:30:59,2017-09-06 19:51:06,2006,0,,21170.46,,61
645,Toyota,Camry,2017-02-06 10:08:45,2019-04-27 02:56:41,2010,0,,4323.28,,48
646,Pontiac,Bonneville,2018-02-19 02:41:57,2018-08-16 16:57:53,1965,1,,61514.22,,34
647,Chrysler,Cirrus,2019-06-06 02:02:35,2019-08-22 07:35:37,2000,0,,34091.69,,32
648,Oldsmobile,Ciera,2018-01-13 15:52:02,2018-10-10 09:54:26,1992,1,,29044.53,,36
649,Mitsubishi,Pajero,2017-06-01 15:14:26,2017-07-20 10:58:22,1984,1,,87656.17,,32
650,Honda,Accord Crosstour,2017-01-13 20:17:26,2019-05-06 21:54:34,2010,1,,30514.76,,62
651,Toyota,Camry Hybrid,2018-02-23 02:54:38,2019-06-09 07:32:15,2009,0,,38191.06,,1
652,GMC,Vandura 2500,2018-04-26 21:44:49,2018-08-16 06:41:07,1992,1,,89880.09,,28
653,GMC,2500 Club Coupe,2018-12-28 04:05:12,2019-02-02 08:15:31,1993,1,,11605.24,,22
654,Buick,Skyhawk,2017-12-04 18:10:45,2019-01-13 21:37:09,1986,0,,26635.76,,48
655,Saturn,L-Series,2018-12-26 08:18:20,2019-04-19 04:38:37,2005,1,,13894.47,,93
656,GMC,Sierra 2500,2017-09-08 15:48:46,2018-12-14 12:17:30,2002,0,,19934.35,,79
657,Dodge,Dakota Club,2019-01-21 16:01:17,2018-02-18 21:37:52,2004,0,,53644.0,,62
658,Mercedes-Benz,600SEC,2016-08-07 19:02:44,2019-03-24 14:23:41,1993,1,,53701.59,,46
659,Subaru,SVX,2018-11-20 05:24:06,2017-10-01 02:03:00,1995,1,,51662.21,,32
660,Suzuki,XL-7,2019-06-04 12:38:10,2017-12-24 01:39:55,2008,0,,27026.38,,20
661,Mercury,Villager,2018-01-16 14:47:55,2019-08-01 01:51:33,1994,0,,60377.53,,3
662,GMC,3500 Club Coupe,2019-07-24 01:04:17,2017-12-12 14:39:22,1994,1,,9838.46,,14
663,Lincoln,Town Car,2018-10-24 19:30:36,2019-01-25 16:34:04,1998,1,,11867.48,,15
664,Mercury,Sable,2018-03-27 03:30:18,2018-03-31 14:39:59,1990,0,,16039.2,,64
665,Mitsubishi,Montero Sport,2017-01-10 23:38:32,2019-01-25 06:59:33,2000,0,,22095.84,,75
666,Audi,80,2017-06-29 11:59:45,2017-09-17 05:10:25,1991,1,,92124.45,,30
667,Ford,Focus,2019-09-17 00:52:48,2018-08-28 19:36:33,2008,1,,8680.64,,31
668,Cadillac,SRX,2018-06-09 13:43:08,2019-10-23 16:09:00,2012,1,,55796.44,,23
669,Subaru,Impreza,2018-01-24 15:05:30,2018-05-12 09:40:12,2009,0,,41362.8,,39
670,MINI,Clubman,2017-12-18 05:53:40,2019-04-24 21:28:09,2011,0,,57804.3,,22
671,Mitsubishi,Diamante,2019-07-07 06:55:07,2018-10-24 05:22:21,1999,0,,8413.03,,50
672,Mercedes-Benz,SL-Class,2018-03-04 23:22:54,2018-06-21 03:33:49,1988,0,,94883.45,,12
673,Dodge,Sprinter,2016-09-22 11:24:18,2019-06-10 10:25:19,2006,1,,90124.05,,47
674,Volkswagen,Jetta,2017-09-21 14:53:30,2017-07-22 22:52:22,2009,1,,43509.4,,42
675,Hyundai,Tiburon,2019-03-01 17:41:52,2018-04-22 06:40:05,2000,1,,7168.87,,37
676,Mercedes-Benz,E-Class,2019-05-04 13:27:42,2018-11-19 16:25:22,2004,1,,12242.74,,59
677,Lincoln,Navigator,2017-03-29 17:48:27,2017-10-21 05:34:53,2000,1,,35724.54,,9
678,Ford,Explorer Sport Trac,2018-06-23 10:57:41,2018-09-27 19:51:14,2001,0,,59295.54,,13
679,Mazda,Mazda5,2018-09-17 16:18:24,2018-06-12 10:56:31,2010,1,,37501.05,,40
680,Ford,Expedition,2016-12-29 03:53:46,2019-06-20 08:57:29,2003,0,,4770.33,,5
681,Ford,Explorer,2019-08-02 18:01:48,2019-02-13 23:56:22,1994,1,,7939.25,,37
682,Chevrolet,G-Series 2500,2019-05-13 11:41:23,2017-11-01 14:49:38,1996,0,,58012.38,,63
683,Geo,Tracker,2017-07-04 04:30:05,2019-04-19 22:10:37,1992,1,,69116.9,,24
684,Chevrolet,Monte Carlo,2019-01-06 00:19:26,2019-09-26 14:39:51,2001,0,,76094.13,,60
685,GMC,Acadia,2018-07-09 19:48:09,2019-02-10 15:38:13,2007,1,,27719.89,,66
686,Volkswagen,Fox,2016-09-14 13:31:15,2018-04-08 13:17:47,1991,0,,94782.0,,71
687,Nissan,Pathfinder,2018-12-21 22:14:12,2019-08-17 21:23:39,2012,1,,62459.08,,37
688,Toyota,Camry Hybrid,2016-08-04 10:23:12,2018-05-09 20:22:33,2009,0,,71969.06,,30
689,Lincoln,Navigator,2017-06-01 04:38:57,2019-09-06 12:25:45,2011,0,,61516.62,,12
690,Infiniti,I,2016-12-23 20:12:01,2018-07-17 22:15:21,1998,0,,87719.38,,32
691,Ford,F-Series Super Duty,2016-12-05 15:59:13,2018-10-24 16:03:37,2012,0,,37190.77,,14
692,Honda,CR-V,2017-03-06 02:33:00,2017-07-18 06:07:20,1997,1,,76001.87,,6
693,GMC,Savana 2500,2019-10-04 12:36:40,2019-06-30 23:16:07,2005,1,,37884.45,,38
694,Ford,Crown Victoria,2019-09-26 03:10:55,2019-08-29 03:21:06,2008,1,,84022.65,,79
695,Suzuki,SX4,2017-09-30 12:09:25,2017-10-21 22:39:25,2009,1,,55793.07,,3
696,Chevrolet,Corvette,2017-01-02 10:53:28,2018-08-27 17:46:05,1960,1,,81713.72,,18
697,Buick,Regal,2018-11-27 00:24:12,2017-10-01 23:27:02,2003,1,,57110.29,,7
698,Ford,E-Series,2016-10-27 18:57:46,2019-10-11 01:13:29,1987,0,,10340.9,,83
699,Volkswagen,Phaeton,2017-06-09 19:51:31,2017-08-23 18:09:31,2004,1,,84127.9,,16
700,Saturn,Relay,2018-01-04 09:37:08,2018-03-26 01:08:35,2006,1,,12799.96,,84
701,Mercury,Tracer,2017-03-11 15:39:02,2017-12-21 17:11:43,1989,0,,99310.37,,71
702,Saturn,VUE,2017-06-29 20:14:42,2019-04-15 10:59:26,2002,1,,55048.19,,65
703,Mitsubishi,Challenger,2018-04-15 02:12:05,2019-05-17 05:16:58,1998,0,,81085.09,,87
704,Mercury,Sable,2017-09-14 03:42:36,2018-05-07 19:29:25,1993,0,,15116.76,,30
705,Mazda,626,2016-08-22 00:07:04,2017-08-17 04:52:34,1983,1,,48604.54,,78
706,Aston Martin,DBS,2017-05-20 00:28:58,2018-12-05 23:01:18,2008,0,,97729.28,,62
707,Mazda,MX-5,2019-10-05 16:07:49,2019-06-19 10:32:49,2003,0,,72736.09,,33
708,Honda,Ridgeline,2017-09-20 07:39:29,2017-12-21 07:36:59,2008,1,,11854.98,,80
709,Ford,Thunderbird,2019-09-12 06:35:48,2018-01-16 17:31:01,1989,1,,70201.06,,28
710,Mazda,B-Series,2017-08-19 13:52:42,2019-01-19 06:40:49,1988,0,,7269.68,,81
711,Dodge,Dakota,2018-06-07 17:49:12,2017-08-08 11:30:46,2011,0,,50166.0,,88
712,Kia,Amanti,2018-02-01 13:48:22,2019-07-06 04:25:11,2008,1,,77735.73,,62
713,Chevrolet,Camaro,2017-09-08 14:13:45,2018-07-03 07:48:06,1968,1,,15991.97,,85
714,Mitsubishi,Outlander,2019-07-06 01:20:47,2018-02-23 16:42:51,2007,0,,60420.9,,82
715,Chrysler,300,2017-10-16 03:59:34,2017-06-22 23:25:45,2006,1,,52271.38,,43
716,Maserati,GranSport,2017-08-27 11:50:14,2019-10-25 20:32:18,2006,0,,36339.63,,23
717,Lincoln,Town Car,2019-09-13 03:18:19,2019-09-06 11:06:03,1995,1,,13187.16,,69
718,Jaguar,XK Series,2018-09-30 01:30:49,2018-11-16 13:37:06,2000,1,,62971.37,,39
719,Jeep,Liberty,2019-01-31 11:39:50,2017-12-15 04:25:12,2009,0,,44048.07,,85
720,Chevrolet,Malibu Maxx,2018-09-27 06:49:15,2017-10-08 05:12:31,2006,1,,42529.23,,58
721,Mercedes-Benz,S-Class,2017-01-06 19:42:33,2019-02-14 17:50:10,1998,0,,90378.81,,67
722,Mercedes-Benz,SL-Class,2019-01-23 06:38:12,2018-12-24 21:30:40,2002,0,,13827.11,,25
723,Chevrolet,3500,2018-07-25 07:08:05,2018-05-24 10:58:23,1992,1,,30499.91,,38
724,Land Rover,LR2,2018-10-30 16:38:18,2017-06-30 13:34:57,2010,1,,48492.23,,21
725,Saturn,VUE,2019-09-03 13:43:05,2019-05-07 18:22:58,2003,1,,33223.2,,78
726,GMC,Vandura G1500,2019-01-16 22:04:28,2018-06-05 09:31:00,1995,0,,97979.86,,75
727,Saturn,VUE,2018-05-26 21:45:15,2019-03-23 11:14:38,2003,1,,79112.88,,4
728,GMC,2500 Club Coupe,2018-09-28 02:51:19,2017-11-18 09:53:19,1993,0,,98960.15,,41
729,Ford,E-Series,2018-09-10 02:33:06,2017-08-18 07:16:02,1994,1,,88469.8,,88
730,Cadillac,SRX,2018-09-19 01:17:58,2019-04-02 09:39:36,2011,0,,2006.25,,5
731,Mercedes-Benz,SLK-Class,2018-01-29 18:19:30,2017-06-16 08:52:13,1999,1,,20768.01,,56
732,Buick,Regal,2018-08-04 18:45:13,2019-01-10 14:19:00,1989,0,,21347.55,,91
733,Hyundai,Sonata,2018-12-26 11:47:04,2019-01-07 06:45:00,2005,1,,60871.79,,49
734,Pontiac,Grand Prix,2018-06-15 04:18:36,2019-09-20 13:58:51,1974,1,,42117.03,,99
735,Lexus,SC,2017-11-07 09:23:27,2017-11-02 01:28:15,1994,1,,16995.88,,51
736,Mitsubishi,Chariot,2018-07-13 07:03:51,2018-01-02 01:25:00,1995,1,,27189.16,,21
737,Subaru,Outback,2017-06-17 22:54:55,2019-07-11 22:23:10,2006,0,,68193.63,,30
738,Suzuki,Sidekick,2017-06-12 05:13:45,2018-01-10 17:27:51,1991,0,,69737.7,,98
739,Buick,Roadmaster,2019-01-24 02:30:36,2018-08-06 00:48:50,1992,0,,15825.33,,68
740,Infiniti,I,2019-08-16 05:25:45,2018-06-21 20:22:49,2003,1,,26809.83,,58
741,Mercury,Cougar,2017-11-09 09:20:39,2018-05-04 23:23:54,1995,0,,86635.62,,70
742,BMW,M6,2016-12-11 22:47:17,2019-06-12 17:31:27,2008,0,,5578.76,,89
743,Cadillac,CTS,2019-05-12 12:29:37,2019-06-14 05:14:19,2010,0,,67860.08,,38
744,Oldsmobile,Alero,2016-10-21 10:19:15,2018-07-28 23:33:02,2001,0,,15574.08,,26
745,Ferrari,599 GTB Fiorano,2017-07-18 21:51:42,2017-09-15 16:11:09,2007,1,,44696.56,,42
746,Jaguar,XK,2017-08-02 04:13:30,2017-08-29 21:23:32,2006,1,,51551.94,,63
747,Chevrolet,Corvette,2018-01-03 13:06:18,2017-07-18 12:01:56,1966,0,,51879.39,,54
748,Infiniti,J,2016-08-31 21:04:18,2019-03-08 01:03:27,1993,0,,80114.37,,71
749,Hyundai,Tiburon,2017-09-07 11:47:41,2018-06-13 07:47:42,2000,1,,76116.7,,65
750,Geo,Tracker,2019-08-26 19:07:56,2019-05-29 03:15:33,1994,1,,26212.85,,19
751,Acura,MDX,2018-09-13 04:17:05,2018-07-19 10:58:57,2009,1,,32712.51,,5
752,Mitsubishi,Diamante,2019-02-16 10:21:22,2019-03-06 07:45:02,1999,1,,15748.1,,16
753,Dodge,Caravan,2019-04-25 23:48:55,2019-09-26 11:24:41,1994,0,,33017.41,,64
754,Scion,tC,2019-03-10 00:07:40,2017-07-10 20:38:32,2008,1,,45408.15,,64
755,Ford,Explorer,2018-11-28 19:15:20,2018-07-31 23:46:26,1994,0,,31395.38,,24
756,Ford,F350,2018-05-22 16:37:23,2018-07-20 01:33:00,2005,0,,24173.74,,2
757,Chrysler,Crossfire,2018-06-14 17:53:20,2019-09-05 10:24:49,2007,1,,14049.16,,58
758,Chevrolet,2500,2019-09-05 15:14:39,2019-05-04 17:58:55,1994,1,,53650.37,,20
759,Honda,Element,2019-02-12 13:49:16,2018-08-11 08:00:15,2011,1,,29134.39,,31
760,Volkswagen,Jetta,2017-01-14 09:43:36,2019-04-04 05:03:21,1989,1,,40725.15,,98
761,Tesla,Roadster,2016-08-07 19:18:05,2017-10-21 05:19:01,2012,0,,63460.96,,23
762,GMC,2500,2016-11-08 17:27:57,2018-03-18 04:34:46,1997,1,,67081.39,,60
763,Mitsubishi,Truck,2018-11-29 15:09:57,2018-02-17 14:33:10,1994,0,,94814.26,,63
764,Acura,TL,2017-08-28 19:42:15,2017-10-08 02:50:13,2010,0,,94043.41,,28
765,GMC,Sierra 1500,2016-12-29 04:32:52,2019-02-13 15:12:23,2012,0,,15157.69,,46
766,GMC,Acadia,2016-12-17 10:58:51,2019-06-09 02:55:55,2008,0,,30522.09,,75
767,Dodge,Dakota Club,2018-10-16 17:02:38,2017-06-19 15:22:59,1995,0,,87111.62,,52
768,Dodge,Stratus,2018-07-04 04:39:51,2018-07-08 19:12:08,2003,1,,40551.38,,7
769,Jaguar,X-Type,2016-09-12 07:14:18,2019-10-25 22:06:25,2004,0,,66680.89,,14
770,Volvo,S40,2017-11-13 18:56:40,2017-10-01 08:57:45,2003,0,,73612.36,,36
771,Mitsubishi,Precis,2019-08-22 01:41:03,2019-09-14 01:21:58,1994,1,,90287.17,,67
772,Volkswagen,Jetta,2019-05-24 09:15:44,2019-04-30 19:20:21,1997,0,,4486.78,,67
773,Pontiac,Tempest,2019-06-11 05:55:34,2019-08-17 21:50:20,1961,1,,73195.54,,58
774,Toyota,Xtra,2019-05-22 20:16:55,2018-10-16 22:43:27,1995,0,,99575.99,,40
775,Buick,Century,2019-06-28 13:56:27,2019-04-07 18:48:40,1987,1,,58444.91,,54
776,Dodge,Ram 1500,2018-05-03 15:16:06,2019-09-22 09:20:34,2005,0,,41218.42,,28
777,Chevrolet,Suburban 1500,2019-06-22 17:34:35,2017-12-10 01:13:57,2007,0,,54783.56,,5
778,Hyundai,Elantra,2017-09-08 05:32:36,2018-11-23 10:49:09,2004,0,,27316.17,,26
779,Porsche,911,2019-01-25 05:25:32,2017-12-20 22:54:17,2006,1,,44630.87,,15
780,Hyundai,Elantra,2019-06-22 21:18:33,2018-09-01 06:36:59,1992,0,,30673.56,,60
781,Honda,Prelude,2018-11-07 09:34:03,2017-07-11 04:51:44,1998,1,,21798.77,,44
782,Fillmore,Fillmore,2019-08-13 21:34:00,2018-02-17 03:33:28,1960,0,,30412.74,,90
783,Hyundai,Accent,2018-06-02 05:49:29,2019-05-20 18:44:39,2003,0,,89838.22,,14
784,Hyundai,Elantra,2019-08-11 07:57:53,2019-08-05 21:11:07,2009,0,,63083.93,,85
785,Hyundai,Tiburon,2019-02-21 00:56:02,2018-06-23 13:55:22,1998,1,,39026.24,,78
786,Mitsubishi,Mirage,2018-08-05 01:24:26,2018-11-06 07:18:36,1984,0,,73743.78,,42
787,Aston Martin,V12 Vantage,2018-07-16 04:30:03,2018-03-16 11:20:28,2011,0,,47158.4,,16
788,GMC,Sonoma,2016-09-11 13:14:28,2019-08-06 14:21:29,1994,1,,5837.14,,52
789,Volkswagen,GTI,2019-04-30 05:08:57,2019-07-11 19:01:25,2006,0,,78246.64,,63
790,Maserati,Quattroporte,2018-04-14 21:04:21,2018-06-30 11:22:45,2006,1,,94584.84,,93
791,Subaru,Impreza,2017-11-03 04:28:54,2018-10-22 00:42:31,2001,0,,55649.66,,2
792,Chevrolet,Lumina,2017-01-05 19:55:46,2019-02-24 16:24:59,1997,0,,2513.48,,70
793,Pontiac,Grand Prix,2018-07-17 06:15:11,2018-08-21 03:26:55,1987,0,,77897.04,,55
794,BMW,Z8,2019-02-20 14:31:16,2017-08-19 10:00:52,2001,0,,12572.57,,23
795,Infiniti,FX,2019-09-17 13:01:28,2019-08-14 08:11:45,2005,1,,11737.61,,42
796,Ford,E350,2018-03-12 21:45:20,2017-07-23 21:01:14,2006,1,,10064.99,,78
797,Mitsubishi,Raider,2018-05-15 01:47:50,2019-03-30 05:07:36,2009,1,,10507.94,,40
798,Jaguar,XJ Series,2017-03-21 16:17:10,2017-07-25 12:49:08,2001,0,,11221.4,,37
799,Infiniti,Q,2018-12-04 14:09:38,2018-08-17 22:09:56,2002,1,,94883.24,,11
800,Ford,Thunderbird,2016-10-25 00:17:26,2018-01-25 09:34:39,1985,0,,61305.94,,82
801,Lotus,Esprit,2017-03-03 01:55:39,2018-01-29 21:32:23,2002,1,,94189.45,,45
802,Chevrolet,Express 1500,2017-03-25 14:57:09,2018-08-18 05:30:05,2003,1,,65095.77,,85
803,Audi,S4,2016-08-27 14:24:45,2018-09-27 05:51:42,2006,1,,60900.73,,86
804,Jaguar,XK,2019-10-04 12:11:24,2018-03-13 07:31:19,2008,1,,84679.09,,33
805,Mitsubishi,Diamante,2018-11-09 03:09:35,2018-01-11 20:33:40,1996,0,,42119.13,,21
806,Oldsmobile,Aurora,2018-04-14 10:26:23,2019-03-20 08:34:26,2002,1,,28117.76,,36
807,Chrysler,LeBaron,2018-08-07 23:44:25,2019-06-24 17:27:18,1992,0,,40069.41,,47
808,Chevrolet,G-Series G30,2019-02-04 10:37:56,2018-02-04 11:39:31,1995,1,,65600.15,,45
809,Lotus,Esprit,2017-09-10 01:31:41,2019-04-07 15:41:14,1990,0,,2373.51,,63
810,Hyundai,Accent,2017-02-21 15:37:29,2018-05-12 21:25:27,2010,1,,70829.08,,38
811,Buick,LaCrosse,2019-01-04 05:20:36,2019-01-24 12:18:33,2009,0,,35588.57,,8
812,Pontiac,1000,2018-01-06 01:37:01,2017-10-04 18:41:52,1986,0,,8859.17,,33
813,Buick,Skylark,2017-07-30 11:43:48,2019-06-04 15:37:34,1989,1,,20162.7,,58
814,Honda,Accord,2019-03-05 19:49:33,2018-07-24 04:09:48,1987,1,,30931.06,,52
815,GMC,Savana 1500,2018-12-14 17:00:55,2018-06-30 03:16:56,2011,0,,97895.53,,40
816,Mercedes-Benz,S-Class,2017-08-09 21:45:37,2019-09-15 11:32:11,1995,1,,40394.22,,64
817,Honda,Accord,2017-08-30 06:16:31,2019-02-19 19:10:18,2004,1,,35011.48,,52
818,Nissan,Pathfinder Armada,2018-04-25 02:56:20,2018-09-17 16:29:39,2004,1,,52649.33,,6
819,Maybach,62,2019-04-25 13:10:05,2019-04-10 04:44:21,2007,1,,75969.57,,45
820,Mercedes-Benz,SLR McLaren,2019-06-12 10:18:30,2019-07-25 07:49:57,2008,1,,55431.46,,73
821,Mitsubishi,Galant,2016-08-13 15:00:36,2019-10-01 17:38:26,1984,0,,11843.87,,69
822,Mercury,Grand Marquis,2017-12-21 15:45:37,2018-02-17 02:16:13,1988,0,,6972.36,,43
823,Toyota,Tacoma Xtra,2016-09-14 01:07:07,2017-07-06 11:22:28,1996,0,,93663.17,,81
824,Lotus,Elan,2019-08-10 21:38:39,2019-06-14 23:16:23,1993,1,,48329.05,,67
825,Chevrolet,Express 3500,2019-06-12 15:38:17,2017-11-18 10:49:06,2011,1,,23271.33,,40
826,Mercury,Cougar,2019-06-21 00:02:05,2017-10-18 20:14:07,1968,0,,23329.1,,12
827,GMC,Sonoma Club Coupe,2017-11-09 02:39:13,2018-12-04 14:35:13,1997,0,,95015.12,,89
828,GMC,Envoy XL,2019-01-07 00:28:40,2019-07-03 09:49:52,2004,0,,18797.42,,6
829,Mercury,Grand Marquis,2016-11-05 21:58:52,2018-01-23 03:11:14,2009,1,,4889.94,,42
830,GMC,Envoy XL,2017-03-03 15:41:52,2019-03-04 03:36:04,2005,0,,39401.06,,21
831,Dodge,Neon,2016-08-25 17:56:17,2017-11-06 13:07:14,1998,0,,95124.79,,23
832,Ford,Thunderbird,2019-02-01 13:03:43,2017-07-07 07:57:50,1993,0,,47651.75,,48
833,Land Rover,LR3,2018-04-09 08:19:24,2018-02-22 18:07:21,2006,1,,17640.32,,86
834,Ford,F-Series,2017-02-03 18:07:02,2019-03-23 03:27:00,1986,0,,65689.48,,43
835,Volvo,V70,2018-03-28 14:40:37,2018-08-26 18:16:54,2003,0,,86595.5,,30
836,Chevrolet,Express 2500,2016-09-08 12:12:34,2018-11-10 17:53:22,2002,0,,20138.46,,28
837,Mazda,Mazda3,2018-08-23 20:52:40,2019-09-03 08:43:02,2007,0,,6679.7,,22
838,Rolls-Royce,Phantom,2019-07-23 07:45:53,2017-07-12 09:07:23,2009,1,,44487.41,,63
839,Acura,TL,2016-12-03 05:52:59,2017-10-28 16:34:15,2010,1,,7443.6,,65
840,Lincoln,MKT,2018-06-25 05:16:45,2018-12-02 22:12:11,2013,1,,97986.93,,54
841,Ford,Taurus,2019-04-17 11:30:53,2018-01-15 22:17:24,2011,0,,61198.89,,97
842,Mercedes-Benz,C-Class,2017-05-17 20:27:31,2019-07-04 16:57:37,1998,0,,77327.84,,4
843,Chevrolet,Cavalier,2017-01-19 17:06:34,2017-06-22 21:09:31,1996,0,,84456.09,,73
844,Jeep,Wrangler,2019-09-02 12:12:53,2017-11-17 08:42:49,1993,0,,25663.78,,25
845,Chevrolet,Sportvan G20,2019-03-18 13:59:43,2018-05-07 03:42:09,1994,1,,47331.08,,32
846,GMC,Rally Wagon 3500,2019-09-28 08:50:02,2018-05-04 08:14:28,1993,1,,92233.66,,35
847,Suzuki,Esteem,2017-04-02 15:21:06,2019-06-06 19:13:29,2002,1,,43299.75,,63
848,Lincoln,Continental,2016-09-26 01:55:28,2017-12-28 15:46:44,1989,1,,12719.01,,90
849,Volvo,960,2017-07-13 15:59:32,2018-11-11 12:31:04,1994,1,,26716.76,,4
850,Chevrolet,S10,2017-07-27 23:36:04,2017-08-29 21:29:14,2003,1,,44962.85,,73
851,Lamborghini,Diablo,2018-04-07 10:59:50,2017-09-29 19:44:23,1998,0,,14998.14,,36
852,Dodge,Viper,2017-05-31 01:31:11,2019-07-06 04:06:35,2004,1,,93738.98,,8
853,Chevrolet,Express 1500,2018-10-25 14:50:10,2019-01-05 05:47:09,2012,1,,51973.63,,16
854,BMW,6 Series,2016-09-19 00:05:24,2017-09-21 17:32:56,2012,0,,25028.51,,42
855,Chevrolet,Camaro,2017-07-03 10:44:21,2019-04-07 16:09:57,1978,1,,40190.03,,41
856,Hummer,H2,2019-04-15 20:04:06,2019-08-29 16:13:45,2006,1,,31801.93,,66
857,Mercury,Topaz,2018-01-06 19:00:27,2017-09-27 07:59:28,1991,1,,84152.48,,75
858,Nissan,Maxima,2018-04-02 16:17:02,2019-02-25 01:06:04,1990,0,,22986.92,,93
859,Maserati,GranTurismo,2019-04-21 05:57:07,2019-01-31 02:58:57,2011,0,,88333.84,,53
860,Dodge,Caliber,2016-11-27 11:46:21,2017-12-16 07:17:25,2010,1,,40379.65,,40
861,Chevrolet,G-Series 1500,2018-05-12 20:39:23,2017-12-09 14:36:42,1996,0,,91391.3,,13
862,Porsche,911,2019-04-07 09:32:26,2019-05-03 17:39:40,1998,1,,59559.99,,70
863,Volvo,S60,2019-03-21 14:53:46,2018-12-08 11:43:27,2004,1,,38386.27,,52
864,Volkswagen,Jetta III,2019-01-04 17:34:47,2017-10-29 17:40:41,1993,1,,70558.68,,76
865,Hyundai,Sonata,2018-05-30 17:32:56,2019-02-21 03:13:24,2013,0,,87734.3,,41
866,GMC,Safari,2019-09-12 04:15:54,2019-05-29 15:59:28,1996,0,,80507.12,,85
867,Dodge,Viper RT/10,2019-01-21 10:20:57,2019-05-20 00:54:58,1995,1,,55929.48,,89
868,Saturn,S-Series,2016-09-13 02:22:51,2019-03-13 07:19:11,1994,0,,94761.32,,29
869,Toyota,Solara,2018-05-26 21:07:08,2018-12-10 13:12:12,2002,1,,88582.36,,92
870,Mercury,Grand Marquis,2017-10-13 20:30:15,2017-09-24 01:04:16,1988,0,,17388.32,,41
871,Chevrolet,Classic,2018-12-14 13:39:47,2017-07-29 23:24:48,2005,0,,56318.97,,49
872,Subaru,Impreza,2018-07-09 13:05:03,2018-03-06 14:40:50,2000,1,,67903.01,,30
873,Ford,E-Series,2018-10-28 10:15:54,2018-04-09 15:29:27,1986,1,,29951.61,,99
874,Suzuki,Daewoo Magnus,2019-06-13 13:50:03,2018-07-04 13:28:08,2006,0,,80935.48,,48
875,Cadillac,Escalade,2017-09-17 16:53:26,2018-06-06 19:19:58,2008,0,,32590.26,,83
876,Maserati,Quattroporte,2019-02-19 15:13:08,2017-08-22 22:24:55,2012,0,,67171.91,,30
877,Ford,Bronco,2018-10-31 20:31:28,2017-10-15 00:12:03,1985,1,,40617.76,,90
878,Buick,Park Avenue,2019-06-20 23:43:01,2018-03-24 19:08:25,2002,1,,44608.8,,45
879,Mercedes-Benz,SLK-Class,2017-08-01 05:41:12,2018-08-27 13:02:26,2005,0,,19480.28,,49
880,Cadillac,Escalade ESV,2019-05-04 08:24:01,2017-07-08 19:39:23,2009,1,,80161.52,,16
881,Chevrolet,Suburban 2500,2019-06-11 12:59:51,2017-11-08 10:31:08,1995,0,,31224.11,,94
882,Ford,Fiesta,2018-08-11 12:40:49,2019-05-30 20:07:36,2001,1,,37396.65,,9
883,Dodge,Ram 1500,2018-01-05 05:38:02,2019-01-06 00:40:16,2008,0,,72844.05,,84
884,Saturn,Astra,2019-03-21 18:49:33,2018-02-28 12:14:06,2009,0,,92536.52,,47
885,Jeep,Wrangler,2017-01-27 22:13:15,2018-10-05 05:39:09,2001,0,,91868.26,,26
886,Ford,F250,2018-08-05 05:34:40,2017-06-23 01:38:21,1994,1,,58824.81,,32
887,BMW,5 Series,2018-08-06 03:57:26,2019-03-02 00:01:36,2010,0,,10034.66,,41
888,Mazda,B-Series,2017-08-25 19:52:02,2019-05-14 17:03:53,1988,0,,90056.16,,68
889,Pontiac,Grand Prix,2019-06-23 10:07:40,2019-02-04 19:09:39,2008,0,,1746.89,,0
890,Jaguar,S-Type,2018-11-06 06:36:23,2019-03-30 22:19:31,2004,0,,93426.93,,5
891,Pontiac,Firefly,2016-12-16 02:15:20,2017-12-05 14:28:08,1985,1,,3330.06,,60
892,GMC,Jimmy,2018-05-17 08:23:52,2018-02-04 16:54:12,2000,1,,65433.46,,4
893,Mitsubishi,Cordia,2017-04-18 21:25:04,2019-03-12 14:05:01,1988,0,,19778.5,,43
894,Acura,RL,2019-05-05 19:37:59,2019-05-19 08:24:43,2011,0,,56505.84,,54
895,Ford,F250,2016-10-01 12:41:55,2018-04-17 20:25:52,2012,1,,73770.15,,82
896,Bentley,Continental Flying Spur,2018-11-25 02:31:49,2019-05-14 00:52:38,2009,1,,92335.5,,57
897,Mitsubishi,Pajero,2018-08-01 04:15:52,2018-06-19 22:22:41,2002,1,,63815.72,,82
898,Hyundai,Elantra,2017-06-02 17:58:48,2017-11-24 22:53:54,1999,0,,41546.22,,22
899,Audi,A6,2017-09-26 07:42:00,2018-10-24 18:36:47,2009,0,,35070.87,,60
900,Toyota,Camry Solara,2019-05-28 12:20:39,2018-02-05 01:25:45,2007,0,,71887.52,,49
901,Eagle,Summit,2017-07-27 10:37:38,2018-02-16 09:49:39,1996,1,,18382.49,,88
902,Mazda,MPV,2018-12-02 01:14:58,2017-06-17 13:45:22,1997,1,,70277.66,,47
903,Chrysler,Town & Country,2017-03-11 15:22:36,2019-08-06 22:09:29,1993,0,,37052.46,,27
904,Lexus,SC,2017-01-18 22:01:10,2019-03-01 23:44:23,1992,1,,92997.99,,23
905,Isuzu,Amigo,2017-09-10 22:13:02,2017-09-29 12:37:04,1993,1,,19993.02,,63
906,BMW,X5,2018-11-18 05:18:21,2017-10-25 02:48:46,2012,0,,37230.21,,23
907,Honda,Civic,2019-09-10 07:32:33,2018-07-01 05:57:44,2010,0,,43626.44,,41
908,Chevrolet,Suburban 1500,2018-03-15 08:43:07,2018-01-11 07:36:31,1997,0,,29700.91,,33
909,Audi,A6,2018-01-19 13:48:09,2019-03-01 03:29:36,2010,1,,26290.18,,19
910,Ford,Explorer Sport Trac,2017-05-31 13:29:56,2017-10-30 16:26:02,2007,0,,44815.8,,48
911,Saab,900,2017-09-27 21:19:19,2019-01-21 09:10:05,1992,1,,56091.1,,82
912,Volkswagen,Jetta,2017-04-18 09:37:59,2019-01-21 20:53:02,2009,1,,90404.76,,51
913,Lexus,LX,2017-08-06 00:28:21,2018-11-12 08:11:33,1996,1,,97284.81,,92
914,Mercedes-Benz,500SEL,2016-11-11 02:01:10,2019-08-08 04:19:31,1992,1,,77973.79,,9
915,Chevrolet,Silverado Hybrid,2016-11-28 17:05:15,2019-02-08 13:27:40,2006,1,,13466.75,,56
916,Pontiac,Tempest,2019-01-30 22:09:48,2017-09-01 19:20:03,1967,1,,64192.64,,69
917,Panoz,Esperante,2019-05-13 18:23:29,2019-06-08 11:56:46,2007,0,,97655.98,,93
918,Pontiac,Grand Prix,2017-07-10 06:10:29,2018-08-08 22:59:50,1998,1,,35926.03,,32
919,Land Rover,Range Rover,2016-12-20 04:24:03,2018-09-24 07:07:01,1993,1,,51341.57,,65
920,Hyundai,Accent,2018-12-18 18:34:47,2019-10-18 19:16:58,2006,0,,61678.64,,71
921,Dodge,Neon,2019-04-09 12:16:51,2017-12-24 07:03:12,1996,1,,93849.18,,9
922,Mitsubishi,Diamante,2017-01-07 02:51:52,2018-06-01 09:00:11,2004,1,,72113.24,,93
923,Ford,F-Series,2018-12-01 08:39:34,2017-08-19 03:35:54,2010,0,,54719.37,,62
924,Chevrolet,Tahoe,2016-10-29 02:53:30,2017-10-02 14:42:33,2001,0,,12956.35,,83
925,Audi,5000S,2018-07-02 06:19:37,2019-08-05 06:22:02,1986,1,,9736.78,,33
926,Plymouth,Laser,2018-10-16 04:55:59,2018-12-06 05:50:02,1991,0,,40683.24,,58
927,Volkswagen,Golf III,2016-11-02 14:05:45,2019-05-17 01:11:41,1995,0,,37054.96,,86
928,Ford,Explorer,2019-07-02 07:13:19,2019-05-06 05:23:42,2002,1,,14652.94,,19
929,Mercury,Cougar,2018-03-20 12:46:21,2018-07-01 21:54:32,1999,0,,63164.19,,5
930,Mercury,Topaz,2018-11-28 21:11:43,2019-03-04 02:59:28,1992,1,,2556.5,,87
931,Porsche,911,2017-07-31 10:36:12,2018-02-01 15:43:51,1999,1,,58570.77,,52
932,Mercedes-Benz,E-Class,2019-08-10 16:51:32,2018-01-22 14:05:30,1984,0,,51720.08,,94
933,Kia,Sorento,2017-06-17 11:11:48,2017-06-17 14:23:48,2005,0,,28083.01,,45
934,Aston Martin,Vantage,2019-05-14 05:32:53,2018-11-28 00:57:41,2008,0,,50359.42,,63
935,Chrysler,Cirrus,2016-10-03 11:24:55,2018-09-24 15:42:49,1996,1,,68536.54,,83
936,Audi,RS6,2018-01-11 20:30:36,2018-08-20 08:50:19,2003,1,,36901.05,,12
937,Chevrolet,Suburban 2500,2019-09-01 03:07:22,2019-05-26 00:40:23,1997,1,,5737.89,,58
938,Volkswagen,CC,2019-01-22 07:59:28,2018-12-11 21:38:18,2012,1,,67554.0,,90
939,Pontiac,Grand Prix,2017-03-06 16:23:35,2018-01-13 21:38:45,1963,1,,10725.13,,53
940,Mercury,Cougar,2018-08-18 12:50:57,2017-12-29 19:15:28,1967,0,,26873.45,,40
941,Chevrolet,Corvette,2017-08-06 01:42:11,2017-11-19 16:24:39,1984,1,,62848.93,,55
942,Chevrolet,Silverado 3500,2017-11-26 19:44:20,2019-08-08 23:51:52,2008,1,,17927.74,,41
943,Mercedes-Benz,400E,2018-08-30 08:15:45,2017-07-01 08:15:26,1992,1,,58998.0,,66
944,Land Rover,Range Rover Sport,2019-06-28 06:21:22,2019-09-25 15:42:53,2010,0,,28263.17,,49
945,Mazda,MX-5,2018-10-22 01:24:30,2018-12-13 16:52:50,1992,0,,48747.96,,91
946,Mazda,B-Series,2019-04-10 10:43:29,2019-05-10 00:06:14,2005,1,,44054.44,,30
947,Ford,F150,2018-03-12 09:09:18,2019-07-15 13:26:23,1997,1,,87292.94,,97
948,Oldsmobile,Silhouette,2018-08-26 09:35:49,2018-05-29 17:48:34,2004,1,,84298.34,,55
949,Suzuki,Daewoo Magnus,2018-04-30 04:02:01,2019-10-24 01:36:27,2004,0,,8065.95,,5
950,Nissan,Frontier,2018-07-16 09:23:02,2018-11-09 07:45:33,2005,1,,73135.75,,78
951,Infiniti,G25,2016-09-25 07:08:43,2018-09-11 19:32:55,2012,0,,22383.23,,63
952,Lexus,CT,2017-09-16 01:57:10,2018-09-25 18:18:22,2012,0,,95638.25,,24
953,GMC,Savana 1500,2019-02-18 02:06:37,2018-09-15 11:32:21,2008,1,,40596.89,,33
954,Dodge,Grand Caravan,2016-10-09 19:13:35,2017-11-20 10:00:39,2003,1,,46255.19,,39
955,Saturn,S-Series,2019-05-10 18:34:55,2017-12-27 21:25:07,2001,1,,28403.79,,17
956,Ford,Five Hundred,2019-05-14 01:04:39,2019-02-02 18:34:06,2005,1,,54808.8,,20
957,Buick,Park Avenue,2018-02-21 15:35:16,2018-05-05 07:19:00,1994,1,,65128.32,,67
958,Chevrolet,Express 3500,2017-06-25 03:18:26,2018-02-04 17:26:35,1998,0,,78655.08,,53
959,Saab,9-3,2019-09-01 21:47:12,2018-02-07 09:09:24,2000,0,,95744.83,,35
960,Buick,Park Avenue,2016-09-04 01:26:52,2019-02-06 04:49:58,1999,0,,56673.75,,71
961,Pontiac,6000,2016-10-05 16:36:57,2019-08-22 07:12:27,1984,1,,48869.29,,34
962,Buick,Roadmaster,2018-10-27 17:35:27,2018-05-19 05:37:53,1992,0,,73889.63,,57
963,Toyota,Highlander,2018-06-07 15:12:21,2018-06-12 06:37:39,2009,1,,71051.47,,76
964,Pontiac,Firebird,2019-10-01 06:01:26,2018-02-02 17:34:43,1985,0,,59097.06,,66
965,Honda,Ridgeline,2017-06-12 01:26:58,2018-02-08 23:08:39,2010,0,,28520.21,,17
966,Chevrolet,3500,2018-12-03 15:04:34,2019-10-18 00:47:40,1995,1,,54082.34,,20
967,Cadillac,DeVille,2018-12-04 08:42:30,2019-04-01 09:28:26,1997,0,,27939.99,,74
968,Mazda,MX-6,2016-08-29 04:41:03,2018-11-05 02:47:31,1989,0,,91927.51,,0
969,Audi,S8,2017-02-06 09:30:15,2018-06-20 13:42:23,2007,1,,44740.4,,62
970,Oldsmobile,Custom Cruiser,2018-01-03 08:12:48,2018-10-15 03:06:27,1992,1,,90215.62,,3
971,Mercedes-Benz,CLK-Class,2019-09-30 02:07:44,2018-12-06 19:29:14,1999,1,,85320.52,,19
972,Audi,RS 4,2016-11-09 02:16:06,2019-02-13 11:27:06,2008,0,,2455.35,,67
973,Dodge,Neon,2016-09-06 07:35:14,2017-07-09 02:33:04,1998,0,,53062.58,,96
974,Chevrolet,Express 3500,2017-03-23 18:07:09,2018-03-09 23:24:25,2009,1,,94467.56,,37
975,BMW,5 Series,2019-08-20 01:35:48,2017-07-06 06:29:03,2012,0,,87393.46,,27
976,BMW,X5 M,2017-04-28 12:04:55,2018-03-01 10:49:45,2011,0,,52221.2,,53
977,Toyota,Corolla,2019-05-02 08:57:46,2019-04-12 21:23:45,2007,1,,92787.52,,89
978,Chevrolet,Camaro,2017-08-08 06:19:39,2017-11-18 00:25:49,1997,0,,46107.14,,37
979,Chevrolet,Corvette,2018-08-27 06:50:11,2017-08-09 05:57:48,1962,0,,62120.96,,16
980,Mitsubishi,Outlander,2018-01-16 15:03:14,2017-11-09 02:43:32,2003,1,,68195.44,,34
981,Ford,Taurus X,2018-10-28 10:04:14,2018-01-05 17:03:25,2009,0,,38114.39,,57
982,Chevrolet,Express 3500,2019-10-22 04:19:05,2018-02-09 02:17:29,2005,0,,48690.21,,1
983,Mercedes-Benz,CL-Class,2018-09-26 17:49:59,2017-09-23 14:29:44,2002,1,,24182.73,,2
984,Chevrolet,Camaro,2017-10-22 02:49:41,2018-04-09 20:52:47,1994,1,,59688.34,,97
985,BMW,3 Series,2018-09-28 06:43:01,2019-08-18 21:50:25,1997,0,,83270.3,,34
986,Kia,Mohave/Borrego,2019-10-08 18:19:14,2018-05-15 14:55:00,2009,1,,73174.68,,64
987,GMC,Envoy,2018-08-28 05:32:41,2018-12-04 04:47:10,1999,0,,33482.69,,62
988,Lincoln,Continental,2016-09-19 14:26:45,2018-12-11 03:11:10,1995,0,,54067.08,,74
989,Audi,S4,2019-01-20 14:18:12,2018-08-16 09:29:09,1992,1,,56067.74,,50
990,Lexus,IS,2019-04-23 10:01:42,2017-06-26 01:25:50,2009,1,,13349.14,,21
991,Mercedes-Benz,CL-Class,2019-02-16 11:43:06,2019-06-06 23:54:22,2008,0,,63270.88,,40
992,Pontiac,Vibe,2019-10-07 03:17:15,2018-01-24 23:09:42,2007,0,,29737.24,,57
993,Buick,Regal,2018-03-18 05:20:49,2018-05-01 02:37:25,2011,1,,2585.23,,67
994,Toyota,Matrix,2017-12-25 02:29:37,2019-02-18 01:00:58,2004,1,,27197.61,,4
995,BMW,325,2019-06-17 07:40:04,2019-09-02 20:31:25,2006,0,,20512.28,,79
996,Plymouth,Colt Vista,2018-03-22 10:02:53,2018-10-25 21:15:53,1994,0,,16549.24,,46
997,Lamborghini,Murcilago,2017-10-25 03:39:52,2017-07-24 09:49:02,2010,1,,12592.04,,52
998,Aston Martin,DB9,2017-06-28 16:48:47,2019-08-13 13:57:09,2011,0,,36460.17,,10
999,Kia,Optima,2019-02-10 02:47:32,2017-11-29 13:59:20,2007,1,,58544.81,,63
1000,Nissan,Maxima,2019-02-11 19:37:23,2018-01-31 06:25:08,2011,0,,71829.26,,0
